"Concurso,Data,bola-1,bola-2,bola-3,bola-4,bola-5,bola-6"
"2899,45878,28,44,22,42,10,51"
"2898,45876,32,38,30,48,14,23"
"2897,45874,6,28,1,24,57,27"
"2896,45871,43,16,8,53,12,9"
"2895,45869,44,56,9,52,11,51"
"2894,45867,29,5,25,21,49,24"
"2893,45864,10,50,41,45,40,48"
"2892,45862,14,46,36,44,54,24"
"2891,45860,19,54,35,34,26,24"
"2890,45857,15,18,35,32,16,54"
"2889,45855,13,55,40,36,39,16"
"2888,45853,27,39,59,9,3,15"
"2887,45850,50,14,57,30,29,53"
"2886,45848,19,13,59,55,2,20"
"2885,45846,56,25,10,28,36,37"
"2884,45843,56,5,37,34,52,31"
"2883,45841,56,57,60,43,40,1"
"2882,45839,23,51,11,15,49,19"
"2881,45836,11,16,35,39,13,34"
"2880,45834,8,34,15,14,54,33"
"2879,45832,29,52,11,56,47,20"
"2878,45829,43,51,47,16,15,46"
"2877,45825,3,57,54,5,15,37"
"2876,45822,45,55,9,40,31,32"
"2875,45820,15,38,49,6,40,31"
"2874,45818,5,4,53,49,17,9"
"2873,45815,27,52,56,4,5,17"
"2872,45813,8,57,35,23,32,34"
"2871,45811,4,38,19,48,43,55"
"2870,45808,13,15,32,60,19,6"
"2869,45806,2,53,13,41,10,40"
"2868,45804,10,38,26,22,51,19"
"2867,45801,15,24,9,60,25,5"
"2866,45799,60,12,19,1,36,17"
"2865,45797,30,47,25,51,39,2"
"2864,45794,53,15,6,31,17,5"
"2863,45792,5,56,34,47,23,32"
"2862,45790,14,4,2,22,44,18"
"2861,45787,27,2,46,53,21,51"
"2860,45785,2,24,17,38,57,5"
"2859,45783,15,51,20,7,8,17"
"2858,45780,8,52,48,28,18,27"
"2857,45776,2,41,28,38,18,50"
"2856,45773,10,27,48,3,5,38"
"2855,45771,12,51,31,55,24,16"
"2854,45766,16,55,2,31,44,13"
"2853,45762,48,23,4,18,53,56"
"2852,45759,53,24,56,22,6,49"
"2851,45757,6,43,17,37,5,54"
"2850,45755,43,2,15,1,26,50"
"2849,45752,19,31,13,29,25,43"
"2848,45750,30,5,14,54,29,19"
"2847,45748,35,22,53,56,5,3"
"2846,45745,25,1,57,12,16,17"
"2845,45743,40,31,56,52,10,54"
"2844,45741,7,20,54,55,58,31"
"2843,45738,59,40,43,37,1,39"
"2842,45736,49,8,4,52,55,51"
"2841,45734,5,12,36,34,48,4"
"2840,45731,57,39,49,60,33,1"
"2839,45729,27,46,30,40,37,47"
"2838,45727,36,53,29,4,32,7"
"2837,45724,34,35,42,50,3,14"
"2836,45722,30,6,50,1,42,10"
"2835,45717,43,36,54,24,9,27"
"2834,45715,11,5,8,47,39,15"
"2833,45713,36,56,1,13,16,3"
"2832,45710,18,2,37,12,21,24"
"2831,45708,32,9,38,55,48,2"
"2830,45706,51,52,36,34,28,1"
"2829,45703,46,38,13,56,22,51"
"2828,45701,55,21,25,58,59,15"
"2827,45699,13,27,59,1,45,11"
"2826,45696,20,58,54,10,60,6"
"2825,45694,50,2,38,59,54,58"
"2824,45692,43,54,34,4,57,16"
"2823,45689,15,60,21,57,7,37"
"2822,45687,46,53,56,47,39,29"
"2821,45685,30,44,14,45,22,33"
"2820,45682,25,32,15,19,42,6"
"2819,45680,43,39,12,50,46,11"
"2818,45678,7,15,25,47,12,10"
"2817,45675,55,43,60,30,24,46"
"2816,45673,40,19,17,4,48,20"
"2815,45671,5,20,38,28,53,50"
"2814,45668,26,49,54,19,17,11"
"2813,45666,21,58,38,32,51,10"
"2812,45664,39,42,31,15,18,27"
"2811,45661,37,39,45,27,36,8"
"2810,45657,50,17,29,57,1,19"
"2809,45643,4,39,2,34,28,15"
"2808,45640,10,46,41,35,24,33"
"2807,45638,8,55,25,52,56,49"
"2806,45636,33,46,45,13,5,11"
"2805,45633,58,24,1,55,47,6"
"2804,45631,60,33,24,14,31,25"
"2803,45629,43,20,57,59,32,1"
"2802,45626,17,60,26,21,32,28"
"2801,45624,27,25,46,56,48,33"
"2800,45622,57,1,46,19,13,50"
"2799,45619,1,45,60,40,38,31"
"2798,45615,9,59,60,3,18,54"
"2797,45612,25,3,52,45,1,15"
"2796,45609,14,58,6,33,3,55"
"2795,45605,13,16,55,43,46,33"
"2794,45603,3,14,28,52,20,9"
"2793,45601,7,59,37,57,9,25"
"2792,45597,49,16,33,59,22,34"
"2791,45594,37,3,25,11,2,43"
"2790,45591,32,49,42,40,29,58"
"2789,45589,19,3,17,55,20,18"
"2788,45587,37,39,47,56,52,23"
"2787,45584,10,50,36,34,23,8"
"2786,45581,6,17,11,51,20,40"
"2785,45576,50,48,57,20,27,59"
"2784,45573,35,57,59,44,27,30"
"2783,45570,30,7,39,38,54,43"
"2782,45568,28,6,45,16,11,25"
"2781,45566,35,31,55,50,10,45"
"2780,45563,46,10,53,7,9,14"
"2779,45561,44,54,51,19,14,32"
"2778,45559,57,20,34,43,40,33"
"2777,45556,52,42,38,2,13,21"
"2776,45554,51,17,22,52,5,37"
"2775,45552,1,51,14,44,4,26"
"2774,45549,24,6,16,22,38,50"
"2773,45547,23,19,34,38,32,57"
"2772,45545,53,56,41,1,33,12"
"2771,45541,50,33,7,13,14,38"
"2770,45538,37,50,44,28,60,21"
"2769,45535,16,35,10,60,46,49"
"2768,45533,2,18,32,28,33,12"
"2767,45531,42,14,21,59,50,47"
"2766,45528,10,9,38,34,44,36"
"2765,45526,39,12,47,8,43,34"
"2764,45524,51,31,20,38,34,42"
"2763,45521,16,49,19,44,43,15"
"2762,45519,1,30,48,50,40,17"
"2761,45517,3,57,44,49,22,34"
"2760,45514,8,47,19,48,39,11"
"2759,45512,10,3,48,40,59,38"
"2758,45510,35,41,19,36,60,37"
"2757,45507,21,51,54,37,1,40"
"2756,45505,1,46,13,18,6,43"
"2755,45503,58,7,17,33,41,13"
"2754,45500,55,10,44,14,56,58"
"2753,45498,46,55,6,31,52,26"
"2752,45496,15,24,44,40,4,47"
"2751,45493,42,18,53,13,52,4"
"2750,45491,11,7,36,52,19,12"
"2749,45489,27,38,43,8,44,25"
"2748,45486,19,52,46,50,43,32"
"2747,45483,28,14,36,45,24,17"
"2746,45479,30,22,27,51,43,56"
"2745,45477,7,11,2,52,57,5"
"2744,45475,34,25,33,10,26,38"
"2743,45472,27,37,25,53,13,30"
"2742,45470,11,2,25,37,32,57"
"2741,45468,42,33,1,35,39,56"
"2740,45465,17,41,34,13,47,16"
"2739,45463,53,25,19,45,47,37"
"2738,45461,44,46,2,60,19,25"
"2737,45458,30,20,37,34,16,45"
"2736,45456,35,26,24,11,17,43"
"2735,45454,47,53,59,46,5,33"
"2734,45451,48,35,60,59,21,27"
"2733,45449,20,14,56,39,21,44"
"2732,45447,18,49,1,60,16,3"
"2731,45444,49,12,58,32,4,45"
"2730,45440,46,29,41,60,24,7"
"2729,45437,47,54,20,41,27,53"
"2728,45435,2,43,11,9,25,51"
"2727,45433,51,39,4,32,57,48"
"2726,45430,59,27,53,55,49,45"
"2725,45428,47,33,32,38,2,10"
"2724,45426,24,54,26,21,11,42"
"2723,45423,6,12,28,60,19,50"
"2722,45421,36,25,44,23,19,46"
"2721,45419,48,9,11,46,10,25"
"2720,45416,43,15,42,16,23,8"
"2719,45412,42,25,48,27,16,30"
"2718,45409,41,34,59,46,30,6"
"2717,45407,36,6,50,34,22,44"
"2716,45405,48,27,28,49,20,5"
"2715,45402,25,19,53,7,50,46"
"2714,45400,17,45,57,42,52,16"
"2713,45398,58,9,23,35,25,26"
"2712,45395,35,19,7,40,42,15"
"2711,45393,36,55,14,38,60,46"
"2710,45391,44,50,25,42,5,6"
"2709,45388,22,12,23,47,24,53"
"2708,45386,19,11,12,10,28,23"
"2707,45384,39,9,11,54,7,57"
"2706,45381,45,24,17,30,10,11"
"2705,45377,35,2,47,22,27,16"
"2704,45374,3,25,31,10,7,52"
"2703,45372,56,3,35,11,38,7"
"2702,45370,40,46,6,20,13,34"
"2701,45367,6,18,47,31,32,15"
"2700,45365,11,19,28,20,1,48"
"2699,45363,31,23,49,54,9,58"
"2698,45360,60,2,18,35,45,19"
"2697,45358,25,42,13,11,10,27"
"2696,45356,13,39,55,4,59,18"
"2695,45353,40,33,34,17,15,32"
"2694,45351,41,22,7,20,58,29"
"2693,45349,50,29,44,11,46,45"
"2692,45346,56,33,55,45,9,59"
"2691,45344,15,28,40,37,57,13"
"2690,45342,43,45,9,28,55,33"
"2689,45339,16,48,52,47,9,20"
"2688,45337,12,33,41,46,17,54"
"2687,45332,2,30,34,4,24,50"
"2686,45330,6,41,12,43,20,59"
"2685,45328,51,46,9,31,47,16"
"2684,45325,26,45,53,48,46,17"
"2683,45323,3,57,27,1,47,23"
"2682,45321,29,4,17,58,30,52"
"2681,45318,47,20,30,42,53,10"
"2680,45316,45,57,3,11,42,46"
"2679,45314,26,7,38,51,18,20"
"2678,45311,16,54,13,37,10,18"
"2677,45309,3,54,7,34,42,32"
"2676,45307,14,4,19,29,22,6"
"2675,45304,34,45,31,26,42,1"
"2674,45302,46,23,15,21,14,8"
"2673,45300,35,45,52,4,27,56"
"2672,45297,40,10,13,20,56,43"
"2671,45295,53,43,19,16,58,57"
"2670,45291,24,56,33,48,21,41"
"2669,45276,7,4,35,16,46,54"
"2668,45274,46,30,41,27,1,57"
"2667,45272,4,46,21,51,8,1"
"2666,45269,29,5,43,47,30,25"
"2665,45267,3,39,21,22,14,37"
"2664,45265,15,40,17,12,52,30"
"2663,45262,27,7,56,11,41,59"
"2662,45260,31,20,42,40,17,34"
"2661,45258,35,38,30,41,56,6"
"2660,45255,13,38,60,6,12,20"
"2659,45253,36,55,60,53,11,46"
"2658,45251,60,51,13,5,39,58"
"2657,45248,7,53,33,36,32,27"
"2656,45244,57,27,46,20,24,58"
"2655,45241,30,31,49,23,56,10"
"2654,45239,23,17,47,51,36,11"
"2653,45237,43,48,60,14,41,32"
"2652,45234,59,45,23,13,29,26"
"2651,45231,23,59,36,6,35,37"
"2650,45227,37,58,18,39,29,9"
"2649,45225,46,32,11,56,6,26"
"2648,45223,59,45,44,46,56,20"
"2647,45220,54,33,9,50,39,43"
"2646,45218,58,28,41,30,18,39"
"2645,45216,34,59,22,51,42,8"
"2644,45213,22,30,17,4,49,28"
"2643,45209,10,29,56,2,59,31"
"2642,45206,31,8,49,33,50,13"
"2641,45204,39,9,45,24,50,34"
"2640,45202,27,32,28,8,4,10"
"2639,45199,49,22,48,8,11,2"
"2638,45197,44,55,54,30,34,9"
"2637,45195,32,34,10,1,59,2"
"2636,45192,43,16,5,38,42,48"
"2635,45190,37,29,6,58,56,11"
"2634,45188,56,8,28,48,32,27"
"2633,45185,33,45,2,54,25,23"
"2632,45183,10,57,5,56,38,27"
"2631,45181,50,53,14,36,26,39"
"2630,45178,14,18,38,31,26,22"
"2629,45174,48,40,35,41,11,32"
"2628,45171,54,32,5,53,40,14"
"2627,45169,57,31,58,43,13,25"
"2626,45167,16,13,9,1,59,52"
"2625,45164,10,35,9,55,58,44"
"2624,45162,31,58,5,52,37,47"
"2623,45160,59,35,10,15,20,37"
"2622,45157,24,22,50,19,60,9"
"2621,45154,14,47,9,16,42,6"
"2620,45150,26,21,13,4,6,28"
"2619,45147,41,5,50,39,44,36"
"2618,45143,45,17,29,35,48,6"
"2617,45140,44,42,36,3,14,43"
"2616,45136,49,38,6,23,35,16"
"2615,45134,41,23,59,22,7,5"
"2614,45132,3,25,19,14,13,8"
"2613,45129,46,40,26,14,42,52"
"2612,45126,44,50,34,27,54,20"
"2611,45122,25,18,4,49,21,12"
"2610,45119,53,55,10,23,34,57"
"2609,45115,21,35,27,60,3,32"
"2608,45112,7,13,29,17,52,24"
"2607,45108,57,25,11,60,7,51"
"2606,45106,32,45,49,16,10,2"
"2605,45104,5,54,35,46,11,26"
"2604,45101,19,16,17,22,46,57"
"2603,45098,3,56,29,13,52,7"
"2602,45094,32,30,46,11,16,14"
"2601,45091,40,8,34,3,44,55"
"2600,45087,46,4,37,38,60,18"
"2599,45084,43,28,34,23,60,47"
"2598,45080,7,53,14,58,60,24"
"2597,45077,58,56,54,26,14,34"
"2596,45073,35,47,56,39,51,34"
"2595,45070,52,13,1,39,50,34"
"2594,45066,7,55,32,26,49,35"
"2593,45063,14,17,10,32,25,39"
"2592,45059,51,35,34,28,15,17"
"2591,45057,30,28,23,11,21,10"
"2590,45055,43,36,2,48,28,12"
"2589,45052,36,1,16,32,15,25"
"2588,45049,31,22,9,13,57,58"
"2587,45045,5,22,11,37,10,23"
"2586,45042,18,49,41,10,59,53"
"2585,45038,26,43,59,36,34,14"
"2584,45035,53,12,36,55,5,1"
"2583,45031,27,59,2,30,20,52"
"2582,45028,34,10,21,19,14,17"
"2581,45024,17,14,39,60,32,36"
"2580,45021,43,36,3,29,13,4"
"2579,45017,10,26,44,5,35,38"
"2578,45014,47,59,60,37,50,39"
"2577,45010,31,44,22,12,50,18"
"2576,45007,32,29,43,35,38,33"
"2575,45003,46,4,53,14,12,41"
"2574,45001,12,43,48,60,44,17"
"2573,44999,37,6,49,26,32,35"
"2572,44996,24,22,3,15,7,50"
"2571,44993,18,51,38,33,9,41"
"2570,44989,18,26,27,47,50,8"
"2569,44986,6,7,28,31,25,52"
"2568,44982,22,29,49,35,16,38"
"2567,44980,33,10,60,58,11,19"
"2566,44975,53,23,45,57,11,59"
"2565,44973,54,13,25,39,9,46"
"2564,44971,19,14,8,45,32,7"
"2563,44968,5,50,30,14,9,38"
"2562,44965,44,32,57,12,51,6"
"2561,44961,22,44,56,51,37,19"
"2560,44958,52,48,5,20,17,4"
"2559,44954,12,32,35,20,9,30"
"2558,44951,10,25,34,2,18,44"
"2557,44947,13,3,27,25,16,33"
"2556,44944,34,10,14,2,6,56"
"2555,44940,45,58,3,20,52,53"
"2554,44938,43,19,25,44,48,49"
"2553,44936,58,54,15,55,13,53"
"2552,44933,24,38,41,5,33,25"
"2551,44930,25,43,46,48,1,29"
"2550,44926,59,34,4,58,10,5"
"2549,44912,30,10,33,1,6,35"
"2548,44909,25,23,29,30,9,15"
"2547,44905,37,10,38,25,31,57"
"2546,44902,34,3,48,28,23,38"
"2545,44898,57,36,32,39,20,23"
"2544,44895,25,56,55,38,45,53"
"2543,44891,46,5,53,2,27,30"
"2542,44889,25,22,12,26,55,20"
"2541,44887,47,45,28,59,10,57"
"2540,44884,28,8,49,34,41,2"
"2539,44881,59,36,23,1,33,32"
"2538,44877,33,15,6,52,20,19"
"2537,44874,24,26,48,37,12,31"
"2536,44870,45,9,27,30,33,22"
"2535,44868,24,56,1,3,51,37"
"2534,44863,36,56,60,28,44,39"
"2533,44860,53,20,17,37,45,18"
"2532,44856,17,14,30,10,18,23"
"2531,44854,18,56,1,5,49,55"
"2530,44852,14,28,17,18,30,44"
"2529,44849,5,57,56,59,32,3"
"2528,44847,15,60,22,53,56,4"
"2527,44842,48,56,19,38,29,8"
"2526,44839,2,59,24,38,16,43"
"2525,44835,51,47,21,26,13,4"
"2524,44832,22,37,3,41,43,20"
"2523,44828,37,45,1,27,10,36"
"2522,44825,32,4,25,39,40,5"
"2521,44821,59,23,28,55,33,38"
"2520,44819,22,41,2,17,60,58"
"2519,44817,20,8,3,36,57,38"
"2518,44814,22,23,44,3,60,53"
"2517,44812,6,1,22,16,5,39"
"2516,44807,49,17,53,51,8,52"
"2515,44804,54,3,41,12,45,19"
"2514,44800,5,15,52,34,45,24"
"2513,44797,50,21,13,46,35,19"
"2512,44793,47,52,10,49,34,7"
"2511,44790,49,39,4,15,41,10"
"2510,44786,25,32,13,57,8,44"
"2509,44783,50,8,37,59,39,60"
"2508,44779,51,45,41,53,58,48"
"2507,44777,4,34,6,35,12,53"
"2506,44775,21,44,40,34,22,29"
"2505,44772,43,26,5,51,3,19"
"2504,44769,42,14,41,55,44,33"
"2503,44765,45,43,14,16,38,3"
"2502,44762,39,21,16,44,20,55"
"2501,44758,58,32,11,27,59,40"
"2500,44755,32,55,25,16,5,39"
"2499,44751,38,11,56,59,47,19"
"2498,44748,26,47,9,29,46,12"
"2497,44744,14,5,48,52,46,23"
"2496,44742,46,31,26,58,38,7"
"2495,44740,33,41,8,12,30,14"
"2494,44737,22,1,54,4,10,53"
"2493,44734,44,4,56,9,37,43"
"2492,44730,33,10,52,31,42,30"
"2491,44727,53,48,29,43,38,22"
"2490,44723,11,16,41,17,46,59"
"2489,44720,13,10,41,25,42,3"
"2488,44716,40,34,57,31,17,56"
"2487,44714,54,42,48,36,23,58"
"2486,44712,19,8,9,33,17,56"
"2485,44709,60,12,38,47,5,32"
"2484,44706,59,36,41,54,14,11"
"2483,44702,54,49,34,38,40,20"
"2482,44699,32,1,57,44,35,45"
"2481,44695,1,37,36,21,8,27"
"2480,44692,31,56,6,4,50,9"
"2479,44688,21,10,35,20,17,15"
"2478,44685,2,23,28,46,17,39"
"2477,44681,20,49,33,37,50,38"
"2476,44679,46,49,2,55,7,32"
"2475,44677,60,45,1,44,58,40"
"2474,44674,38,30,22,49,56,39"
"2473,44671,55,15,28,60,42,18"
"2472,44667,18,5,13,23,36,35"
"2471,44664,30,8,23,29,55,36"
"2470,44660,51,8,48,42,33,40"
"2469,44657,5,55,38,30,28,52"
"2468,44653,22,41,53,42,35,57"
"2467,44650,1,10,45,19,35,34"
"2466,44646,54,53,20,2,13,3"
"2465,44643,29,54,53,8,3,23"
"2464,44639,2,43,7,52,24,56"
"2463,44636,11,31,16,42,51,37"
"2462,44632,3,16,57,23,45,41"
"2461,44629,37,32,21,11,16,8"
"2460,44625,35,18,28,17,16,47"
"2459,44623,33,49,15,59,24,53"
"2458,44618,44,47,15,40,51,45"
"2457,44616,50,49,19,47,10,46"
"2456,44614,52,41,28,55,40,34"
"2455,44611,59,53,38,21,50,56"
"2454,44608,14,44,22,9,24,47"
"2453,44604,44,24,10,34,14,15"
"2452,44601,56,57,8,10,51,58"
"2451,44597,13,51,26,60,31,46"
"2450,44594,17,39,11,6,15,2"
"2449,44590,14,49,52,31,20,21"
"2448,44588,32,48,30,40,35,18"
"2447,44586,52,13,19,42,49,29"
"2446,44583,13,58,51,27,1,41"
"2445,44580,25,32,47,11,37,56"
"2444,44576,17,43,20,35,37,15"
"2443,44573,31,1,12,13,5,17"
"2442,44569,49,9,7,2,41,25"
"2441,44566,42,9,41,54,46,47"
"2440,44561,46,32,15,12,23,33"
"2439,44548,47,38,2,34,51,8"
"2438,44545,37,11,55,25,4,19"
"2437,44541,41,19,55,1,46,48"
"2436,44539,38,54,32,15,5,28"
"2435,44537,32,30,36,33,22,5"
"2434,44534,28,14,40,2,51,1"
"2433,44531,8,53,9,57,32,52"
"2432,44527,52,44,29,38,7,40"
"2431,44524,11,36,26,25,8,22"
"2430,44520,26,19,46,56,45,39"
"2429,44517,60,11,56,37,53,55"
"2428,44513,25,3,28,29,9,39"
"2427,44510,56,3,19,25,37,44"
"2426,44506,57,27,24,11,32,5"
"2425,44503,46,38,31,10,54,49"
"2424,44499,17,3,38,53,16,37"
"2423,44496,51,18,48,60,38,16"
"2422,44492,7,30,2,46,10,20"
"2421,44490,32,48,35,57,2,3"
"2420,44488,8,44,60,5,39,29"
"2419,44485,10,53,43,48,35,50"
"2418,44482,19,57,27,11,60,2"
"2417,44478,3,11,27,46,7,10"
"2416,44475,6,37,57,26,11,7"
"2415,44471,29,12,60,26,35,10"
"2414,44469,4,14,29,6,5,38"
"2413,44467,48,37,22,3,40,41"
"2412,44464,16,60,36,34,9,49"
"2411,44461,7,26,43,44,34,29"
"2410,44457,10,59,35,43,7,27"
"2409,44454,58,39,49,2,52,29"
"2408,44450,29,38,57,4,30,43"
"2407,44447,17,43,31,13,55,54"
"2406,44443,29,43,12,8,54,60"
"2405,44440,21,38,59,53,49,48"
"2404,44436,19,35,1,40,47,54"
"2403,44433,32,12,14,34,33,10"
"2402,44429,60,29,6,30,25,22"
"2401,44426,8,38,13,33,11,48"
"2400,44422,9,26,36,25,21,53"
"2399,44420,52,42,35,27,51,44"
"2398,44418,36,59,17,30,8,54"
"2397,44415,6,14,48,46,20,39"
"2396,44412,3,25,2,49,42,39"
"2395,44408,44,11,4,45,57,12"
"2394,44405,42,44,5,25,36,16"
"2393,44401,32,28,38,51,27,26"
"2392,44398,53,34,25,15,23,11"
"2391,44394,5,8,13,27,50,36"
"2390,44391,20,13,9,56,32,22"
"2389,44387,39,30,16,51,37,40"
"2388,44384,8,37,45,48,33,30"
"2387,44380,38,26,30,8,31,48"
"2386,44378,35,13,11,50,49,16"
"2385,44376,32,12,43,37,24,60"
"2384,44373,25,26,9,13,22,31"
"2383,44370,41,16,40,20,15,13"
"2382,44366,53,6,19,9,38,55"
"2381,44363,47,41,32,7,23,42"
"2380,44359,53,39,11,16,20,24"
"2379,44356,26,32,56,2,8,46"
"2378,44352,37,49,41,54,11,38"
"2377,44349,35,5,44,18,43,29"
"2376,44345,22,12,17,18,19,14"
"2375,44342,58,6,46,53,44,2"
"2374,44338,25,37,39,13,41,12"
"2373,44335,44,26,23,49,60,24"
"2372,44331,19,25,44,46,3,57"
"2371,44328,30,48,36,4,39,15"
"2370,44324,56,31,37,7,44,42"
"2369,44322,60,9,19,4,17,37"
"2368,44320,13,7,36,25,58,4"
"2367,44316,29,5,23,34,53,60"
"2366,44314,33,41,38,27,4,35"
"2365,44310,44,50,17,28,37,1"
"2364,44308,42,56,33,20,51,44"
"2363,44303,34,6,58,39,14,24"
"2362,44300,35,22,32,20,50,3"
"2361,44296,46,21,35,29,14,22"
"2360,44294,15,21,24,45,29,10"
"2359,44292,39,42,43,51,31,32"
"2358,44289,5,43,16,11,9,57"
"2357,44286,28,34,51,19,40,30"
"2356,44282,51,36,3,58,10,25"
"2355,44279,31,7,30,41,56,50"
"2354,44275,18,54,25,6,30,42"
"2353,44272,19,3,34,53,48,41"
"2352,44268,17,55,9,41,38,49"
"2351,44265,35,49,19,22,47,41"
"2350,44261,45,28,34,29,25,41"
"2349,44258,54,25,5,10,49,32"
"2348,44254,2,3,51,48,54,7"
"2347,44251,17,58,9,60,30,8"
"2346,44247,4,58,3,40,11,42"
"2345,44244,16,22,7,55,19,28"
"2344,44240,38,11,52,57,17,25"
"2343,44237,56,49,31,4,45,42"
"2342,44233,20,24,17,27,40,60"
"2341,44230,9,46,4,32,31,42"
"2340,44226,49,41,16,51,28,21"
"2339,44224,4,48,59,29,47,18"
"2338,44222,21,8,34,47,42,23"
"2337,44219,2,51,49,9,34,55"
"2336,44216,20,27,50,8,10,28"
"2335,44212,18,42,49,47,9,23"
"2334,44209,22,4,20,25,13,60"
"2333,44205,41,53,55,9,16,31"
"2332,44202,12,33,44,52,35,36"
"2331,44198,53,16,11,57,13,36"
"2330,44196,22,35,17,41,20,42"
"2329,44184,42,28,45,14,12,55"
"2328,44181,11,8,39,14,48,53"
"2327,44177,54,45,30,57,37,58"
"2326,44175,27,36,34,16,57,10"
"2325,44173,33,37,60,34,46,52"
"2324,44170,31,2,43,19,60,16"
"2323,44167,35,27,39,20,50,59"
"2322,44163,5,10,2,29,34,41"
"2321,44160,41,43,25,28,14,46"
"2320,44156,30,6,35,48,39,42"
"2319,44153,17,25,6,35,49,40"
"2318,44149,54,58,52,28,44,60"
"2317,44146,35,48,30,33,3,8"
"2316,44142,49,11,56,43,52,2"
"2315,44139,10,17,1,26,30,53"
"2314,44135,28,6,7,42,45,49"
"2313,44132,45,3,58,26,20,49"
"2312,44128,60,39,3,46,47,27"
"2311,44126,60,9,35,43,5,3"
"2310,44124,13,42,17,28,53,29"
"2309,44121,33,60,11,29,9,30"
"2308,44118,26,9,58,38,60,13"
"2307,44114,38,53,46,55,33,16"
"2306,44111,28,58,19,3,57,33"
"2305,44107,57,55,38,7,16,22"
"2304,44104,12,54,57,21,29,56"
"2303,44100,17,50,48,20,3,7"
"2302,44097,44,43,25,18,27,22"
"2301,44093,18,36,47,52,35,17"
"2300,44091,37,39,21,9,54,43"
"2299,44089,3,40,19,60,2,44"
"2298,44086,13,21,49,41,17,31"
"2297,44083,20,22,41,59,35,40"
"2296,44079,29,6,36,59,21,1"
"2295,44076,28,6,41,26,35,13"
"2294,44072,9,43,20,41,33,15"
"2293,44069,1,48,42,10,2,37"
"2292,44065,18,57,6,33,42,16"
"2291,44062,37,31,26,12,36,49"
"2290,44058,60,36,5,57,44,18"
"2289,44056,6,34,37,38,45,9"
"2288,44054,35,39,2,26,56,40"
"2287,44051,29,4,2,41,6,56"
"2286,44048,42,43,41,9,21,30"
"2285,44044,12,10,33,7,42,1"
"2284,44041,46,36,12,10,4,14"
"2283,44037,24,4,37,43,59,60"
"2282,44034,30,52,12,27,36,45"
"2281,44030,35,40,14,55,50,27"
"2280,44028,50,28,58,29,59,31"
"2279,44026,28,12,20,5,27,14"
"2278,44023,34,17,37,43,8,45"
"2277,44020,23,10,53,60,22,37"
"2276,44016,49,27,5,18,57,15"
"2275,44013,25,50,2,53,4,36"
"2274,44009,8,55,40,11,33,17"
"2273,44006,58,15,20,16,38,40"
"2272,44002,5,41,11,49,24,2"
"2271,43999,6,10,41,52,27,28"
"2270,43995,41,16,48,14,38,39"
"2269,43992,55,14,23,29,11,1"
"2268,43988,4,30,52,23,13,28"
"2267,43985,48,49,53,20,32,33"
"2266,43981,23,37,59,10,58,31"
"2265,43978,50,20,46,23,14,39"
"2264,43974,29,19,8,2,37,3"
"2263,43971,43,49,57,33,9,24"
"2262,43967,7,30,46,23,8,14"
"2261,43964,23,26,51,27,29,7"
"2260,43960,37,12,14,34,35,47"
"2259,43958,54,56,58,20,27,41"
"2258,43956,26,7,1,23,14,5"
"2257,43953,18,30,21,31,34,51"
"2256,43950,9,37,30,10,54,47"
"2255,43946,20,15,57,49,39,41"
"2254,43943,47,4,24,44,56,9"
"2253,43939,32,39,55,33,52,31"
"2252,43936,46,50,1,17,37,30"
"2251,43932,58,22,26,15,54,5"
"2250,43929,39,52,27,57,58,33"
"2249,43925,4,49,9,31,47,53"
"2248,43922,20,9,42,29,30,15"
"2247,43918,42,53,47,1,44,48"
"2246,43915,9,33,46,24,27,5"
"2245,43911,33,11,14,34,15,18"
"2244,43908,11,5,42,3,34,37"
"2243,43904,14,38,28,18,35,54"
"2242,43902,24,42,18,5,25,9"
"2241,43900,56,18,26,13,1,40"
"2240,43897,25,9,7,10,58,19"
"2239,43894,27,39,7,31,46,45"
"2238,43890,57,36,11,58,55,45"
"2237,43888,60,27,28,20,53,11"
"2236,43883,7,53,43,20,45,38"
"2235,43880,14,55,35,30,18,57"
"2234,43876,47,29,42,4,27,21"
"2233,43873,45,35,6,41,4,32"
"2232,43869,31,34,38,47,7,8"
"2231,43866,4,13,53,40,25,57"
"2230,43862,39,17,56,60,26,7"
"2229,43859,6,41,40,29,58,11"
"2228,43855,19,45,39,9,23,32"
"2227,43853,9,6,27,32,12,57"
"2226,43851,2,7,38,30,4,16"
"2225,43848,1,37,47,44,46,32"
"2224,43845,23,50,58,32,52,16"
"2223,43841,49,26,2,56,40,42"
"2222,43838,14,48,30,29,59,13"
"2221,43834,23,34,45,57,5,56"
"2220,43830,38,58,35,3,40,57"
"2219,43820,57,59,45,8,28,36"
"2218,43818,16,6,38,22,52,48"
"2217,43816,16,32,36,30,14,10"
"2216,43813,24,42,48,10,43,49"
"2215,43810,21,23,43,1,19,33"
"2214,43806,18,30,4,10,34,47"
"2213,43803,7,5,10,60,32,46"
"2212,43799,51,58,53,52,26,23"
"2211,43796,27,44,36,54,41,40"
"2210,43792,11,33,34,25,24,17"
"2209,43789,32,22,47,28,33,25"
"2208,43785,30,45,16,49,25,40"
"2207,43782,43,11,6,55,53,10"
"2206,43778,42,38,45,6,27,57"
"2205,43775,21,42,12,57,37,28"
"2204,43773,32,56,29,28,1,35"
"2203,43768,34,46,57,50,17,49"
"2202,43764,43,60,37,38,29,11"
"2201,43762,13,49,3,41,53,23"
"2200,43760,28,55,36,43,11,15"
"2199,43757,38,23,30,44,35,15"
"2198,43754,56,11,34,44,36,1"
"2197,43752,29,11,3,35,44,57"
"2196,43747,56,28,27,1,41,25"
"2195,43743,24,32,38,53,46,14"
"2194,43740,16,8,20,21,34,31"
"2193,43736,8,7,42,27,29,22"
"2192,43734,57,53,7,59,16,37"
"2191,43732,33,46,26,4,53,8"
"2190,43729,53,35,25,9,5,20"
"2189,43726,33,29,11,4,16,22"
"2188,43722,60,51,21,28,2,17"
"2187,43719,16,21,50,10,46,11"
"2186,43717,27,19,12,41,18,46"
"2185,43712,19,42,18,47,22,9"
"2184,43708,51,15,52,36,59,45"
"2183,43705,51,13,43,30,34,26"
"2182,43701,59,47,46,19,39,22"
"2181,43698,8,1,19,48,36,33"
"2180,43694,16,12,10,21,28,38"
"2179,43691,24,2,35,54,50,13"
"2178,43687,16,21,42,2,50,56"
"2177,43685,14,9,48,11,31,51"
"2176,43683,23,8,25,43,39,44"
"2175,43680,55,53,7,32,43,25"
"2174,43677,36,10,34,15,60,56"
"2173,43673,9,48,44,42,2,50"
"2172,43670,9,57,43,37,28,24"
"2171,43666,19,12,13,36,55,44"
"2170,43663,36,21,51,10,24,38"
"2169,43659,45,7,34,59,51,54"
"2168,43657,37,25,29,4,1,27"
"2167,43655,37,45,38,43,54,27"
"2166,43652,44,3,34,56,19,58"
"2165,43649,56,49,54,43,5,37"
"2164,43645,48,17,58,47,16,25"
"2163,43642,45,20,24,36,18,8"
"2162,43638,11,30,42,34,16,22"
"2161,43635,24,10,8,44,9,42"
"2160,43631,53,49,1,46,47,19"
"2159,43628,53,35,38,14,45,26"
"2158,43624,9,27,46,59,35,45"
"2157,43621,34,48,31,39,33,35"
"2156,43617,49,39,23,6,26,1"
"2155,43614,37,44,2,27,6,47"
"2154,43610,53,41,47,50,7,25"
"2153,43607,13,28,31,8,33,32"
"2152,43603,49,36,29,26,59,50"
"2151,43600,36,38,2,29,14,18"
"2150,43596,38,24,23,26,42,49"
"2149,43593,21,48,46,23,44,37"
"2148,43589,59,33,8,58,32,15"
"2147,43587,49,42,17,19,37,41"
"2146,43582,39,42,16,18,44,31"
"2145,43579,6,59,28,8,51,53"
"2144,43575,21,33,55,16,7,60"
"2143,43572,12,58,35,51,2,57"
"2142,43568,44,50,52,57,7,40"
"2141,43565,10,19,11,37,41,17"
"2140,43561,20,54,36,17,42,26"
"2139,43558,58,29,23,41,14,57"
"2138,43554,30,34,4,21,13,14"
"2137,43551,2,1,49,11,12,34"
"2136,43547,35,22,11,1,30,8"
"2135,43544,23,48,59,28,40,9"
"2134,43540,54,6,46,21,59,34"
"2133,43537,26,20,19,51,52,57"
"2132,43533,5,60,18,39,35,30"
"2131,43530,28,18,20,6,2,3"
"2130,43526,13,53,16,36,55,54"
"2129,43524,60,46,12,6,32,31"
"2128,43522,24,55,46,16,11,54"
"2127,43519,7,46,28,30,44,1"
"2126,43516,58,39,27,7,24,12"
"2125,43512,44,1,31,53,46,58"
"2124,43509,31,20,47,43,2,11"
"2123,43505,47,59,14,56,50,15"
"2122,43502,27,21,3,11,15,49"
"2121,43498,37,8,17,29,10,40"
"2120,43495,38,41,20,24,25,13"
"2119,43491,42,49,26,31,19,21"
"2118,43488,41,11,12,46,20,40"
"2117,43484,28,43,4,29,52,30"
"2116,43482,21,19,1,9,34,54"
"2115,43480,19,40,35,44,27,4"
"2114,43477,35,17,30,25,42,57"
"2113,43474,11,21,46,14,25,50"
"2112,43470,17,46,43,53,52,39"
"2111,43467,54,41,1,46,58,44"
"2110,43465,25,33,10,12,18,5"
"2109,43454,4,16,44,49,12,34"
"2108,43452,44,59,29,19,41,22"
"2107,43449,50,44,60,38,56,8"
"2106,43446,27,3,39,40,36,43"
"2105,43442,16,46,13,11,24,31"
"2104,43440,12,45,10,56,2,27"
"2103,43438,13,40,50,46,3,44"
"2102,43435,6,4,17,57,34,51"
"2101,43432,58,56,18,8,2,37"
"2100,43428,1,35,13,11,10,49"
"2099,43425,30,15,5,58,20,27"
"2098,43421,2,38,27,60,18,8"
"2097,43418,51,28,24,49,9,45"
"2096,43414,11,51,6,24,13,19"
"2095,43411,49,29,56,43,35,16"
"2094,43407,4,33,16,44,19,31"
"2093,43404,54,34,52,8,14,27"
"2092,43400,13,17,27,11,15,22"
"2091,43398,12,11,10,59,38,37"
"2090,43396,11,8,18,40,37,51"
"2089,43393,38,48,5,49,10,32"
"2088,43390,24,3,27,38,14,56"
"2087,43386,19,18,53,34,2,23"
"2086,43383,4,53,35,43,47,46"
"2085,43379,25,49,12,21,38,37"
"2084,43376,20,37,26,7,39,38"
"2083,43372,56,33,1,19,18,60"
"2082,43369,25,33,42,49,6,48"
"2081,43365,40,42,13,18,35,41"
"2080,43363,58,55,46,22,40,10"
"2079,43361,55,37,58,14,2,1"
"2078,43358,30,36,2,11,39,15"
"2077,43355,37,13,16,26,39,35"
"2076,43351,6,15,43,5,12,22"
"2075,43348,7,9,23,33,57,59"
"2074,43344,42,8,18,37,58,23"
"2073,43341,55,12,15,30,52,18"
"2072,43337,22,13,10,20,12,54"
"2071,43334,35,46,34,60,24,33"
"2070,43330,5,26,42,27,48,34"
"2069,43328,40,3,48,17,34,35"
"2068,43326,5,47,40,9,42,3"
"2067,43323,59,2,11,32,26,13"
"2066,43320,27,55,35,6,25,45"
"2065,43316,4,11,43,20,30,37"
"2064,43313,55,53,14,10,36,60"
"2063,43309,10,19,29,24,6,25"
"2062,43306,8,15,34,25,10,23"
"2061,43302,33,45,44,40,36,54"
"2060,43299,11,39,41,9,25,8"
"2059,43295,5,4,36,56,40,44"
"2058,43292,19,4,23,29,59,56"
"2057,43288,37,38,20,13,10,54"
"2056,43286,29,47,22,36,34,18"
"2055,43284,53,43,46,25,35,6"
"2054,43281,39,4,7,12,26,22"
"2053,43278,12,27,40,37,22,55"
"2052,43274,57,50,56,51,58,59"
"2051,43271,37,5,44,1,53,6"
"2050,43267,33,50,38,32,8,31"
"2049,43264,19,10,27,31,51,53"
"2048,43260,10,39,38,35,26,19"
"2047,43257,18,19,44,54,1,29"
"2046,43253,27,11,6,28,46,3"
"2045,43250,27,46,15,25,50,45"
"2044,43246,14,7,60,54,47,56"
"2043,43243,53,58,21,38,57,56"
"2042,43239,33,32,22,29,35,14"
"2041,43236,10,12,54,42,22,25"
"2040,43232,56,58,54,6,41,9"
"2039,43230,28,22,6,31,44,12"
"2038,43228,26,35,40,25,6,38"
"2037,43225,60,30,14,45,23,16"
"2036,43222,23,58,8,19,27,7"
"2035,43218,52,35,49,30,38,36"
"2034,43215,7,56,22,13,6,17"
"2033,43210,40,10,18,33,38,43"
"2032,43207,19,39,20,53,14,6"
"2031,43204,23,39,18,55,50,37"
"2030,43201,38,4,58,40,27,59"
"2029,43197,15,37,18,33,40,6"
"2028,43194,7,42,58,36,24,11"
"2027,43190,11,15,39,37,29,44"
"2026,43187,51,33,23,52,31,10"
"2025,43183,52,56,4,24,46,55"
"2024,43180,29,16,20,35,47,23"
"2023,43176,23,56,8,7,1,6"
"2022,43173,28,60,52,45,4,48"
"2021,43169,32,37,40,60,7,14"
"2020,43166,2,46,57,60,48,36"
"2019,43162,41,46,54,59,23,52"
"2018,43159,55,11,27,22,25,59"
"2017,43155,56,10,11,2,38,24"
"2016,43152,11,17,48,18,4,21"
"2015,43148,18,58,32,39,27,17"
"2014,43145,46,32,16,56,40,53"
"2013,43141,6,36,53,30,56,23"
"2012,43139,11,51,36,8,35,27"
"2011,43137,28,35,58,54,2,32"
"2010,43134,18,56,8,34,39,10"
"2009,43131,1,48,50,44,37,46"
"2008,43127,27,22,58,33,59,42"
"2007,43124,41,14,54,4,39,58"
"2006,43120,20,9,1,14,54,25"
"2005,43117,22,19,33,11,53,34"
"2004,43113,45,35,1,23,5,14"
"2003,43110,40,50,43,28,51,34"
"2002,43106,59,46,28,38,4,30"
"2001,43103,22,20,52,60,42,36"
"2000,43100,6,37,34,10,3,17"
"1999,43090,42,38,49,15,50,37"
"1998,43088,57,21,24,52,25,8"
"1997,43085,14,7,35,1,31,46"
"1996,43082,56,21,20,7,40,24"
"1995,43078,14,37,39,26,35,29"
"1994,43075,44,5,32,2,12,40"
"1993,43071,50,57,48,17,6,33"
"1992,43068,21,11,13,53,54,5"
"1991,43064,19,34,44,36,20,28"
"1990,43061,37,26,11,24,59,34"
"1989,43057,40,58,30,32,15,22"
"1988,43055,5,39,10,54,46,42"
"1987,43050,10,58,14,45,31,34"
"1986,43048,55,23,44,43,36,56"
"1985,43046,9,36,29,28,34,55"
"1984,43043,43,32,21,50,35,29"
"1983,43040,14,22,6,5,10,36"
"1982,43036,46,24,20,4,50,14"
"1981,43033,15,6,39,19,37,53"
"1980,43029,18,16,12,34,37,17"
"1979,43027,38,23,45,32,29,22"
"1978,43025,6,2,57,22,55,44"
"1977,43022,28,3,32,34,37,16"
"1976,43019,52,14,19,12,59,25"
"1975,43015,8,24,47,26,11,57"
"1974,43012,19,57,38,54,4,27"
"1973,43008,17,16,60,12,52,1"
"1972,43005,20,9,59,54,16,57"
"1971,43001,54,10,52,41,44,4"
"1970,42999,10,18,24,5,39,52"
"1969,42997,30,59,20,32,8,48"
"1968,42994,35,48,44,39,36,52"
"1967,42991,32,39,13,54,30,46"
"1966,42987,19,10,32,60,13,40"
"1965,42984,28,26,55,38,48,35"
"1964,42980,32,27,48,36,2,50"
"1963,42977,34,60,5,4,7,42"
"1962,42973,39,5,6,53,15,25"
"1961,42970,50,30,25,17,32,26"
"1960,42966,43,39,18,25,37,1"
"1959,42963,56,43,21,8,27,35"
"1958,42959,55,34,22,20,24,15"
"1957,42957,23,47,29,2,14,22"
"1956,42955,20,40,28,5,8,45"
"1955,42952,15,41,45,33,36,27"
"1954,42949,40,9,49,25,35,33"
"1953,42945,45,29,42,9,43,26"
"1952,42942,9,21,53,36,52,38"
"1951,42938,55,14,16,21,33,19"
"1950,42935,32,21,10,48,34,57"
"1949,42931,30,1,14,56,22,6"
"1948,42928,28,33,20,24,57,12"
"1947,42924,52,59,55,40,8,33"
"1946,42922,6,39,4,44,52,60"
"1945,42920,8,54,21,10,45,4"
"1944,42917,8,57,47,39,9,59"
"1943,42914,43,11,39,9,30,12"
"1942,42910,48,20,43,18,6,24"
"1941,42907,38,1,9,48,49,24"
"1940,42903,36,16,9,47,13,17"
"1939,42900,39,29,24,52,7,45"
"1938,42896,10,54,42,16,40,32"
"1937,42893,10,29,24,43,6,55"
"1936,42889,51,40,52,24,12,3"
"1935,42886,24,17,10,1,3,23"
"1934,42882,56,39,35,8,23,59"
"1933,42879,15,19,35,59,14,2"
"1932,42875,55,21,16,44,29,10"
"1931,42872,34,8,2,15,9,22"
"1930,42868,17,56,37,52,18,4"
"1929,42866,10,52,23,36,3,43"
"1928,42864,28,51,59,26,53,10"
"1927,42861,11,5,30,31,13,19"
"1926,42858,46,3,2,30,14,20"
"1925,42854,47,43,38,1,17,45"
"1924,42851,16,52,53,58,30,12"
"1923,42847,46,34,59,45,9,42"
"1922,42844,20,41,22,36,43,38"
"1921,42840,19,10,16,15,28,35"
"1920,42837,39,45,31,25,43,33"
"1919,42833,60,28,54,37,45,11"
"1918,42830,22,17,50,38,20,16"
"1917,42826,4,36,25,21,46,33"
"1916,42823,3,50,18,23,9,52"
"1915,42819,57,21,2,33,20,48"
"1914,42816,39,33,29,16,44,42"
"1913,42812,14,56,52,17,4,43"
"1912,42809,42,10,33,36,13,35"
"1911,42805,32,16,33,23,18,30"
"1910,42802,9,6,39,15,22,48"
"1909,42798,47,43,45,40,57,11"
"1908,42795,10,27,57,13,23,4"
"1907,42791,3,48,44,35,25,38"
"1906,42789,27,40,33,6,39,60"
"1905,42787,43,54,29,57,35,56"
"1904,42784,21,18,56,15,51,12"
"1903,42781,9,43,10,15,45,28"
"1902,42777,25,18,2,21,9,7"
"1901,42774,30,53,26,11,37,12"
"1900,42770,46,11,8,43,28,27"
"1899,42767,48,35,44,23,36,20"
"1898,42763,53,12,58,55,34,45"
"1897,42760,52,9,58,47,22,25"
"1896,42756,25,6,14,21,3,15"
"1895,42753,3,5,2,34,10,15"
"1894,42749,31,35,57,54,21,53"
"1893,42746,17,58,45,19,28,16"
"1892,42742,50,22,6,37,30,17"
"1891,42739,47,1,3,19,23,58"
"1890,42735,5,24,51,22,11,53"
"1889,42728,30,25,23,44,28,16"
"1888,42726,48,1,18,45,17,10"
"1887,42724,23,56,41,46,34,11"
"1886,42721,7,40,54,15,3,45"
"1885,42718,59,7,18,23,32,14"
"1884,42714,38,1,32,4,23,59"
"1883,42711,28,59,16,47,27,60"
"1882,42707,41,35,37,10,19,9"
"1881,42704,30,10,53,44,3,56"
"1880,42700,19,51,56,16,5,37"
"1879,42697,20,58,10,59,57,5"
"1878,42693,56,26,40,16,57,12"
"1877,42690,35,13,32,16,24,23"
"1876,42686,7,18,51,41,44,39"
"1875,42684,53,45,47,1,52,55"
"1874,42682,43,28,10,37,47,44"
"1873,42679,25,5,53,28,41,54"
"1872,42677,39,11,56,46,13,25"
"1871,42672,17,58,33,52,11,3"
"1870,42669,30,40,33,18,20,32"
"1869,42665,11,26,24,52,40,23"
"1868,42663,25,5,31,1,28,23"
"1867,42661,3,43,21,17,22,10"
"1866,42658,14,36,60,38,17,44"
"1865,42656,42,5,32,37,1,31"
"1864,42651,5,4,37,40,60,14"
"1863,42648,23,45,16,58,59,56"
"1862,42644,8,49,35,42,56,2"
"1861,42641,45,9,60,2,35,4"
"1860,42637,10,40,30,44,36,60"
"1859,42635,13,26,1,21,14,51"
"1858,42633,55,30,28,59,33,22"
"1857,42630,53,35,52,25,23,13"
"1856,42627,14,9,2,32,22,37"
"1855,42623,6,38,24,39,15,10"
"1854,42621,59,30,43,31,34,25"
"1853,42616,2,41,39,1,34,45"
"1852,42613,29,13,49,50,45,17"
"1851,42609,35,22,8,37,21,18"
"1850,42606,24,32,23,40,41,38"
"1849,42602,35,27,3,11,44,5"
"1848,42599,58,41,50,40,9,55"
"1847,42595,45,1,57,49,50,6"
"1846,42593,49,26,30,34,24,6"
"1845,42591,9,3,29,13,30,51"
"1844,42588,4,3,37,39,48,50"
"1843,42585,28,26,33,41,8,54"
"1842,42581,18,43,22,24,16,34"
"1841,42578,6,51,13,38,49,3"
"1840,42574,33,41,48,15,17,47"
"1839,42571,28,32,22,56,58,7"
"1838,42567,59,24,30,8,57,5"
"1837,42565,41,48,57,50,44,54"
"1836,42563,59,18,45,60,8,15"
"1835,42560,50,36,8,28,47,58"
"1834,42557,2,22,51,24,48,17"
"1833,42553,2,42,3,27,16,7"
"1832,42550,34,47,57,56,14,46"
"1831,42546,55,15,48,32,28,27"
"1830,42543,29,3,54,7,37,60"
"1829,42539,53,32,30,7,24,13"
"1828,42536,40,32,11,6,59,48"
"1827,42532,43,33,53,26,54,42"
"1826,42530,43,48,32,19,17,51"
"1825,42528,21,54,10,50,51,11"
"1824,42525,19,30,60,12,6,5"
"1823,42522,54,34,59,21,9,4"
"1822,42518,22,53,26,1,43,50"
"1821,42515,53,31,19,52,36,22"
"1820,42511,27,19,23,3,45,40"
"1819,42508,37,26,18,30,33,17"
"1818,42504,10,53,15,2,6,56"
"1817,42501,47,1,26,55,39,4"
"1816,42497,12,10,46,28,22,5"
"1815,42495,60,8,25,39,41,11"
"1814,42493,53,51,27,11,46,9"
"1813,42490,51,9,13,15,19,11"
"1812,42487,45,34,23,20,37,32"
"1811,42483,32,37,5,35,17,57"
"1810,42480,56,10,43,50,1,25"
"1809,42476,23,12,54,46,9,24"
"1808,42473,20,25,45,2,41,14"
"1807,42469,43,15,22,1,16,25"
"1806,42466,11,42,55,58,35,20"
"1805,42462,17,49,27,22,57,31"
"1804,42459,20,50,48,59,28,21"
"1803,42455,4,29,8,49,38,50"
"1802,42452,6,14,2,17,44,13"
"1801,42448,19,45,43,6,54,34"
"1800,42445,31,56,16,6,11,19"
"1799,42441,53,1,3,4,51,39"
"1798,42439,9,28,45,2,23,53"
"1797,42437,2,57,35,13,54,14"
"1796,42434,54,22,48,34,23,53"
"1795,42431,55,50,42,58,47,30"
"1794,42427,1,5,37,60,34,40"
"1793,42424,56,13,22,54,14,58"
"1792,42420,47,41,18,17,2,16"
"1791,42417,55,12,50,18,53,46"
"1790,42413,28,13,11,26,50,27"
"1789,42410,57,59,6,25,43,58"
"1788,42406,42,45,56,13,3,59"
"1787,42404,1,29,13,25,5,26"
"1786,42402,34,8,2,21,25,6"
"1785,42399,27,5,42,54,41,11"
"1784,42396,30,15,54,55,26,4"
"1783,42392,38,16,21,4,18,6"
"1782,42389,34,57,47,18,6,52"
"1781,42385,22,8,52,1,53,49"
"1780,42383,20,6,33,22,31,34"
"1779,42381,25,56,30,12,39,57"
"1778,42378,4,38,48,10,45,40"
"1777,42375,55,4,44,38,19,52"
"1776,42371,39,11,48,14,19,10"
"1775,42369,31,2,51,42,18,56"
"1774,42364,1,52,30,60,20,12"
"1773,42362,45,41,39,30,15,59"
"1772,42360,27,39,19,41,12,45"
"1771,42357,38,2,27,28,32,20"
"1770,42354,34,30,41,11,27,26"
"1769,42350,32,44,54,60,47,37"
"1768,42347,35,11,7,50,34,5"
"1767,42343,44,26,39,35,16,45"
"1766,42340,60,23,22,46,53,41"
"1765,42336,1,28,56,37,6,58"
"1764,42333,6,7,41,39,29,55"
"1763,42329,21,9,15,36,12,31"
"1762,42326,45,59,42,55,32,26"
"1761,42322,53,36,10,9,50,55"
"1760,42321,25,10,24,47,48,36"
"1759,42318,2,14,21,60,22,51"
"1758,42315,6,23,16,11,42,36"
"1757,42312,43,13,28,56,37,25"
"1756,42308,28,13,6,14,45,35"
"1755,42305,48,5,30,18,8,2"
"1754,42301,20,31,40,30,27,53"
"1753,42298,54,8,45,29,35,15"
"1752,42294,36,53,55,37,60,9"
"1751,42292,42,22,51,23,57,15"
"1750,42290,17,41,48,15,20,31"
"1749,42287,33,13,14,3,43,29"
"1748,42284,2,53,13,49,10,41"
"1747,42280,53,34,59,33,48,6"
"1746,42277,37,40,6,58,41,18"
"1745,42273,13,47,60,18,52,9"
"1744,42270,12,9,56,29,14,42"
"1743,42266,34,31,29,4,10,35"
"1742,42263,23,27,21,19,52,11"
"1741,42259,49,18,20,32,15,48"
"1740,42256,38,15,47,25,10,53"
"1739,42252,34,17,9,46,10,32"
"1738,42249,53,46,28,48,37,12"
"1737,42245,59,5,51,42,50,8"
"1736,42242,13,32,12,41,24,29"
"1735,42238,46,16,33,45,34,6"
"1734,42235,52,29,17,41,12,25"
"1733,42231,5,9,41,14,3,46"
"1732,42228,25,60,34,53,45,38"
"1731,42224,59,49,43,5,27,18"
"1730,42222,1,24,10,17,42,51"
"1729,42220,53,14,44,7,23,43"
"1728,42217,28,39,8,59,42,3"
"1727,42214,4,6,41,40,19,20"
"1726,42210,42,54,57,3,49,10"
"1725,42207,26,31,30,18,16,34"
"1724,42203,27,39,37,58,60,33"
"1723,42200,27,60,30,14,46,52"
"1722,42196,41,39,9,49,23,58"
"1721,42194,12,33,4,38,36,19"
"1720,42192,49,39,18,31,57,23"
"1719,42189,44,22,31,54,34,1"
"1718,42186,30,53,4,31,47,32"
"1717,42182,9,58,16,44,2,37"
"1716,42179,25,36,2,53,42,41"
"1715,42175,20,16,35,40,60,53"
"1714,42172,51,2,24,52,36,8"
"1713,42168,3,29,10,16,23,27"
"1712,42165,50,19,59,2,29,12"
"1711,42161,38,22,50,45,26,39"
"1710,42158,59,56,7,28,21,58"
"1709,42154,30,7,47,35,19,42"
"1708,42151,38,50,29,45,17,32"
"1707,42147,36,27,20,7,16,52"
"1706,42144,12,31,34,48,36,56"
"1705,42140,50,37,51,27,29,25"
"1704,42137,11,7,59,51,32,1"
"1703,42133,49,3,35,39,23,26"
"1702,42131,39,52,17,35,19,33"
"1701,42129,9,3,18,40,32,56"
"1700,42126,58,41,48,50,15,18"
"1699,42123,1,10,30,33,38,6"
"1698,42119,24,44,28,13,45,11"
"1697,42116,8,30,23,51,53,58"
"1696,42112,12,1,31,37,17,46"
"1695,42109,36,43,38,24,58,44"
"1694,42105,34,29,20,37,57,45"
"1693,42102,19,18,38,5,21,15"
"1692,42098,44,56,13,14,27,11"
"1691,42095,39,45,58,10,1,24"
"1690,42091,24,45,53,35,26,21"
"1689,42088,41,2,53,5,13,27"
"1688,42084,18,23,42,56,32,30"
"1687,42081,15,58,24,37,46,49"
"1686,42077,44,37,9,55,14,46"
"1685,42074,39,46,18,51,31,3"
"1684,42070,9,12,31,50,18,39"
"1683,42067,48,4,12,34,32,33"
"1682,42063,13,39,51,37,35,7"
"1681,42060,1,33,8,11,6,50"
"1680,42056,37,46,47,51,23,38"
"1679,42053,28,2,1,46,27,47"
"1678,42049,35,52,17,19,9,11"
"1677,42046,52,33,15,28,51,10"
"1676,42042,2,1,37,51,48,11"
"1675,42039,36,3,35,56,18,34"
"1674,42035,42,59,30,58,50,22"
"1673,42032,35,10,47,5,24,23"
"1672,42028,20,10,1,5,42,3"
"1671,42025,21,31,56,55,45,27"
"1670,42021,1,33,30,17,47,19"
"1669,42018,29,28,31,48,45,49"
"1668,42014,47,40,55,57,52,5"
"1667,42011,51,24,56,7,12,44"
"1666,42007,51,27,1,23,45,2"
"1665,42004,20,11,16,1,56,5"
"1664,41997,48,8,21,36,23,29"
"1663,41993,20,27,49,40,55,18"
"1662,41990,57,10,25,14,33,29"
"1661,41986,16,48,43,27,58,13"
"1660,41983,17,38,42,51,34,8"
"1659,41979,20,33,37,49,4,10"
"1658,41976,7,40,19,49,11,23"
"1657,41972,10,54,37,45,14,7"
"1656,41969,6,4,43,54,56,11"
"1655,41965,56,46,7,24,28,53"
"1654,41962,50,33,42,7,58,16"
"1653,41957,45,22,27,21,1,32"
"1652,41955,44,28,24,57,7,26"
"1651,41951,27,44,8,35,38,41"
"1650,41948,23,57,29,17,60,38"
"1649,41944,54,33,24,44,38,42"
"1648,41941,48,18,15,22,20,16"
"1647,41937,38,54,23,12,17,53"
"1646,41934,34,23,41,19,40,58"
"1645,41930,31,37,21,38,8,18"
"1644,41927,10,16,34,13,60,22"
"1643,41923,19,20,16,60,28,37"
"1642,41920,47,3,43,42,60,23"
"1641,41916,51,30,29,33,46,23"
"1640,41913,6,18,46,23,31,2"
"1639,41909,35,51,34,49,16,29"
"1638,41906,38,2,42,58,41,1"
"1637,41902,5,56,24,55,1,47"
"1636,41899,33,19,52,51,35,26"
"1635,41895,30,32,51,8,28,23"
"1634,41892,44,9,33,10,23,51"
"1633,41888,2,11,49,13,36,1"
"1632,41885,18,56,27,6,24,59"
"1631,41881,47,48,44,60,4,29"
"1630,41878,30,43,7,44,1,54"
"1629,41874,47,20,35,4,59,24"
"1628,41871,38,26,60,34,29,50"
"1627,41867,26,57,20,32,45,41"
"1626,41864,3,52,5,43,35,14"
"1625,41860,45,11,22,52,36,40"
"1624,41858,32,2,27,47,58,41"
"1623,41856,33,56,59,43,50,49"
"1622,41853,21,7,5,53,45,4"
"1621,41850,24,22,38,49,10,39"
"1620,41846,57,23,38,13,34,27"
"1619,41843,46,17,5,42,47,8"
"1618,41839,9,51,20,24,52,43"
"1617,41836,23,31,47,54,3,26"
"1616,41832,46,40,58,31,28,42"
"1615,41829,26,20,5,44,33,31"
"1614,41825,49,27,43,17,14,21"
"1613,41822,31,18,4,46,44,49"
"1612,41818,17,51,36,6,42,13"
"1611,41815,24,51,50,28,58,47"
"1610,41811,36,53,35,9,1,4"
"1609,41808,2,26,6,13,53,60"
"1608,41804,6,43,17,5,54,59"
"1607,41801,32,41,51,7,31,52"
"1606,41797,54,1,15,37,46,42"
"1605,41794,42,30,9,19,31,21"
"1604,41790,21,40,51,27,24,2"
"1603,41787,13,53,20,31,60,27"
"1602,41783,8,44,40,35,22,12"
"1601,41780,60,24,56,45,10,8"
"1600,41776,9,46,23,32,35,57"
"1599,41773,35,10,15,58,36,3"
"1598,41769,36,47,42,29,53,31"
"1597,41766,16,52,5,44,10,50"
"1596,41762,5,12,1,7,45,10"
"1595,41759,59,5,42,8,46,2"
"1594,41755,53,43,23,6,7,8"
"1593,41752,4,17,38,9,18,21"
"1592,41748,41,49,36,42,31,38"
"1591,41745,4,23,55,10,38,33"
"1590,41741,40,7,44,55,34,20"
"1589,41738,11,41,51,5,19,4"
"1588,41734,36,29,23,49,32,45"
"1587,41731,8,21,19,30,52,56"
"1586,41727,47,58,8,43,39,46"
"1585,41724,55,47,43,48,49,2"
"1584,41720,27,54,28,50,22,3"
"1583,41717,18,2,9,47,17,45"
"1582,41713,4,17,1,48,13,38"
"1581,41710,31,34,15,14,25,30"
"1580,41706,1,6,14,17,33,36"
"1579,41703,34,25,40,51,60,49"
"1578,41699,6,53,56,30,37,3"
"1577,41696,25,32,11,59,51,14"
"1576,41692,26,30,21,15,13,46"
"1575,41689,1,5,4,45,14,56"
"1574,41685,6,28,33,48,46,27"
"1573,41682,7,16,36,35,38,21"
"1572,41678,46,42,27,45,20,47"
"1571,41675,46,60,55,32,3,29"
"1570,41671,18,46,42,15,56,24"
"1569,41668,42,15,18,31,5,53"
"1568,41664,28,58,19,24,42,25"
"1567,41661,53,38,30,2,15,48"
"1566,41657,11,32,60,5,6,36"
"1565,41654,43,41,37,51,18,39"
"1564,41650,54,44,38,25,46,53"
"1563,41648,43,36,1,20,13,6"
"1562,41643,12,10,51,37,23,47"
"1561,41641,28,26,54,55,23,60"
"1560,41639,30,47,53,38,20,36"
"1559,41629,37,58,12,29,8,16"
"1558,41627,31,42,15,7,17,54"
"1557,41625,46,18,16,45,31,4"
"1556,41622,7,52,11,10,1,4"
"1555,41619,5,52,59,2,33,23"
"1554,41615,30,52,50,49,53,32"
"1553,41612,29,21,20,46,22,60"
"1552,41608,7,18,26,46,39,24"
"1551,41605,2,23,38,15,21,19"
"1550,41601,21,56,36,9,13,27"
"1549,41598,32,53,16,20,12,10"
"1548,41594,44,41,42,54,47,19"
"1547,41591,28,21,9,10,2,18"
"1546,41587,38,44,17,60,4,53"
"1545,41584,6,48,11,45,4,24"
"1544,41579,30,50,45,2,35,21"
"1543,41577,30,7,23,20,15,41"
"1542,41573,7,12,57,11,30,39"
"1541,41570,37,5,24,44,49,58"
"1540,41566,54,47,27,17,3,32"
"1539,41563,10,49,8,58,20,26"
"1538,41558,35,52,27,53,57,23"
"1537,41556,6,56,33,50,51,10"
"1536,41552,18,32,29,13,50,58"
"1535,41549,55,25,9,8,54,41"
"1534,41545,28,12,34,29,1,48"
"1533,41542,29,21,47,57,13,34"
"1532,41538,42,2,11,23,31,44"
"1531,41535,24,41,12,42,44,13"
"1530,41531,53,10,28,16,48,33"
"1529,41528,35,17,15,34,49,11"
"1528,41523,4,13,58,36,19,15"
"1527,41521,32,44,42,48,16,36"
"1526,41517,51,47,28,10,59,16"
"1525,41514,30,46,35,54,26,2"
"1524,41510,40,53,12,46,2,52"
"1523,41507,25,39,44,41,31,22"
"1522,41503,33,5,23,32,8,56"
"1521,41500,18,30,14,11,33,39"
"1520,41496,36,46,48,31,7,35"
"1519,41494,6,23,56,15,5,59"
"1518,41492,28,8,55,41,48,9"
"1517,41489,45,38,52,17,7,56"
"1516,41486,34,60,18,45,4,20"
"1515,41482,59,49,13,18,4,14"
"1514,41479,23,16,17,59,42,60"
"1513,41475,31,57,17,56,28,58"
"1512,41472,35,11,28,46,42,58"
"1511,41468,8,29,31,4,17,45"
"1510,41465,1,8,44,17,46,53"
"1509,41461,27,51,1,46,59,6"
"1508,41458,58,39,18,17,35,30"
"1507,41454,46,24,51,50,56,52"
"1506,41451,49,34,42,18,3,14"
"1505,41447,32,1,6,9,16,2"
"1504,41444,41,2,42,30,12,10"
"1503,41440,36,22,42,3,16,4"
"1502,41437,6,43,22,52,57,51"
"1501,41433,13,37,54,7,29,1"
"1500,41430,57,43,18,59,10,31"
"1499,41426,26,37,8,22,54,33"
"1498,41423,11,46,27,49,6,40"
"1497,41419,58,7,27,45,4,5"
"1496,41416,28,18,41,54,14,47"
"1495,41412,13,49,4,44,14,57"
"1494,41409,50,28,35,24,2,14"
"1493,41405,30,24,12,49,7,27"
"1492,41402,48,44,46,4,18,9"
"1491,41398,56,6,45,60,26,50"
"1490,41396,31,32,43,3,52,1"
"1489,41391,48,15,24,28,1,26"
"1488,41388,4,51,45,22,38,25"
"1487,41384,4,17,23,28,9,53"
"1486,41381,10,1,34,54,6,40"
"1485,41377,30,59,27,36,4,54"
"1484,41374,49,29,17,53,20,24"
"1483,41370,55,53,1,35,56,39"
"1482,41367,11,9,6,34,41,53"
"1481,41363,40,27,55,17,28,44"
"1480,41360,9,14,26,36,52,21"
"1479,41356,57,21,54,48,50,60"
"1478,41353,10,40,27,47,55,37"
"1477,41349,50,59,56,46,3,4"
"1476,41346,26,10,4,37,47,57"
"1475,41342,13,12,51,37,48,44"
"1474,41339,2,43,11,1,3,28"
"1473,41335,60,12,57,58,33,2"
"1472,41332,12,23,25,18,45,50"
"1471,41328,58,33,36,40,25,10"
"1470,41325,2,34,51,36,38,55"
"1469,41321,4,56,54,13,35,58"
"1468,41318,2,20,37,19,1,10"
"1467,41314,41,53,26,23,52,24"
"1466,41311,4,13,51,37,6,34"
"1465,41307,11,6,53,44,16,26"
"1464,41304,59,2,54,32,24,50"
"1463,41300,40,22,13,29,48,28"
"1462,41297,5,9,25,40,38,27"
"1461,41293,44,31,49,54,36,47"
"1460,41290,50,52,14,4,27,38"
"1459,41286,2,6,35,30,52,34"
"1458,41283,2,16,4,44,33,51"
"1457,41279,34,16,46,15,42,59"
"1456,41276,36,6,40,14,8,26"
"1455,41274,33,14,52,36,32,41"
"1454,41265,27,52,41,29,4,48"
"1453,41263,47,32,25,57,6,13"
"1452,41261,50,57,58,28,2,14"
"1451,41258,57,10,33,2,11,52"
"1450,41255,27,45,44,26,38,31"
"1449,41251,2,18,30,56,52,6"
"1448,41248,25,29,36,1,56,60"
"1447,41244,1,41,28,33,39,19"
"1446,41241,13,32,6,51,40,24"
"1445,41237,41,32,19,58,5,49"
"1444,41234,2,5,55,28,27,48"
"1443,41230,52,32,12,54,20,48"
"1442,41227,12,20,13,49,34,30"
"1441,41223,56,29,53,36,38,17"
"1440,41220,6,28,56,2,36,51"
"1439,41216,35,55,2,43,34,42"
"1438,41213,49,7,33,31,36,14"
"1437,41209,48,37,26,22,38,23"
"1436,41206,1,23,13,30,24,57"
"1435,41202,45,47,50,52,15,4"
"1434,41199,3,34,58,22,18,55"
"1433,41195,14,46,40,13,4,52"
"1432,41192,16,24,25,45,59,42"
"1431,41188,33,54,40,5,9,13"
"1430,41185,19,2,30,46,22,52"
"1429,41181,9,22,60,48,12,39"
"1428,41178,15,55,37,34,19,7"
"1427,41174,47,44,53,56,8,39"
"1426,41171,24,44,6,15,18,30"
"1425,41167,7,29,50,16,38,36"
"1424,41164,60,38,29,3,7,15"
"1423,41160,43,8,21,27,3,25"
"1422,41157,17,44,2,5,13,39"
"1421,41153,31,39,59,19,53,44"
"1420,41150,45,16,18,11,36,2"
"1419,41146,52,21,48,58,30,17"
"1418,41143,7,8,10,27,12,56"
"1417,41139,12,56,5,52,45,59"
"1416,41136,49,3,19,35,22,24"
"1415,41132,51,49,46,40,36,26"
"1414,41130,44,49,57,37,21,46"
"1413,41128,54,33,13,55,45,15"
"1412,41125,6,8,37,24,45,41"
"1411,41122,32,44,12,8,48,46"
"1410,41118,54,29,18,42,40,50"
"1409,41115,50,6,47,58,26,19"
"1408,41111,43,39,20,19,24,4"
"1407,41108,53,42,31,43,29,18"
"1406,41104,7,10,38,17,24,57"
"1405,41101,14,17,32,37,39,3"
"1404,41097,7,32,31,51,27,8"
"1403,41094,16,39,13,26,42,20"
"1402,41090,38,10,27,2,21,9"
"1401,41087,12,11,54,33,48,25"
"1400,41083,34,26,9,43,54,53"
"1399,41080,39,43,60,57,34,56"
"1398,41076,42,51,14,40,32,33"
"1397,41073,15,56,3,27,4,7"
"1396,41069,52,48,54,58,55,29"
"1395,41066,5,44,11,19,17,48"
"1394,41062,11,35,16,46,24,50"
"1393,41059,44,28,18,24,4,39"
"1392,41055,43,8,2,28,33,12"
"1391,41052,19,7,12,34,53,40"
"1390,41048,29,27,19,4,28,31"
"1389,41045,1,44,39,16,57,28"
"1388,41041,54,31,50,43,29,22"
"1387,41038,43,27,18,52,50,32"
"1386,41034,39,56,28,12,51,38"
"1385,41031,42,37,35,27,59,36"
"1384,41027,56,18,31,2,30,45"
"1383,41024,9,55,23,44,7,46"
"1382,41019,17,27,55,13,5,16"
"1381,41017,44,30,27,11,40,57"
"1380,41013,52,14,3,60,57,55"
"1379,41010,45,5,36,12,50,58"
"1378,41006,18,17,59,2,54,5"
"1377,41003,25,5,13,12,35,2"
"1376,40999,53,49,21,11,54,9"
"1375,40996,25,28,53,45,14,58"
"1374,40992,21,33,28,31,43,6"
"1373,40989,52,39,7,27,55,57"
"1372,40985,46,60,58,36,40,3"
"1371,40982,47,11,8,49,3,4"
"1370,40978,2,27,59,49,4,5"
"1369,40975,32,24,16,38,5,46"
"1368,40971,10,26,29,38,32,21"
"1367,40969,38,29,43,13,7,2"
"1366,40964,59,44,54,37,27,12"
"1365,40961,50,35,32,26,2,24"
"1364,40957,20,13,40,10,53,44"
"1363,40954,52,25,42,45,35,57"
"1362,40950,58,19,12,22,2,36"
"1361,40947,37,27,44,30,38,23"
"1360,40943,50,25,17,16,54,2"
"1359,40940,12,17,28,53,6,10"
"1358,40936,16,15,37,3,35,47"
"1357,40933,55,52,26,19,1,24"
"1356,40929,21,46,6,22,13,31"
"1355,40926,39,49,11,24,17,46"
"1354,40922,2,42,8,49,48,38"
"1353,40919,47,11,3,27,32,13"
"1352,40915,35,59,36,9,18,24"
"1351,40912,13,50,41,36,56,33"
"1350,40908,4,36,29,55,45,3"
"1349,40901,9,19,20,50,60,51"
"1348,40899,38,45,39,7,12,56"
"1347,40897,19,45,54,56,46,9"
"1346,40894,59,47,32,48,40,12"
"1345,40891,50,40,26,7,19,17"
"1344,40887,19,42,8,36,21,59"
"1343,40884,51,31,42,20,56,19"
"1342,40880,5,60,46,42,50,7"
"1341,40877,11,40,37,20,1,52"
"1340,40873,36,21,13,59,60,30"
"1339,40870,59,10,16,14,7,54"
"1338,40866,19,33,18,43,60,1"
"1337,40863,38,2,45,35,20,51"
"1336,40859,51,54,32,1,38,47"
"1335,40856,49,3,51,20,22,14"
"1334,40852,8,25,27,6,10,1"
"1333,40850,25,51,26,42,28,33"
"1332,40845,5,13,3,24,35,59"
"1331,40842,24,46,39,57,26,9"
"1330,40838,48,8,21,18,49,30"
"1329,40835,43,50,8,7,39,11"
"1328,40831,43,27,59,53,23,10"
"1327,40829,41,35,36,16,52,54"
"1326,40824,30,19,10,18,50,11"
"1325,40821,35,2,20,43,5,16"
"1324,40817,29,44,51,31,18,57"
"1323,40814,25,37,15,6,48,55"
"1322,40810,55,43,21,10,47,53"
"1321,40807,51,59,47,10,60,53"
"1320,40803,38,17,55,41,24,25"
"1319,40800,16,4,18,27,5,51"
"1318,40796,34,46,14,28,11,16"
"1317,40794,35,29,37,13,6,30"
"1316,40789,48,34,25,42,13,8"
"1315,40786,27,29,1,50,52,38"
"1314,40782,42,44,52,58,60,38"
"1313,40779,39,26,49,1,4,43"
"1312,40775,28,30,29,22,20,5"
"1311,40772,54,7,19,12,45,9"
"1310,40768,14,8,53,9,59,32"
"1309,40766,7,12,25,26,32,39"
"1308,40764,24,33,7,30,47,8"
"1307,40761,10,47,54,7,43,32"
"1306,40758,45,6,19,34,43,22"
"1305,40754,44,11,5,46,36,3"
"1304,40751,35,23,15,7,20,14"
"1303,40747,19,51,54,8,52,46"
"1302,40744,44,15,56,2,10,57"
"1301,40740,16,25,3,51,23,56"
"1300,40737,46,43,59,54,44,53"
"1299,40733,56,32,8,22,43,53"
"1298,40730,60,14,53,30,15,55"
"1297,40726,2,56,11,5,59,13"
"1296,40723,49,43,14,10,53,46"
"1295,40719,20,2,43,15,5,57"
"1294,40716,6,50,4,48,29,51"
"1293,40712,24,50,1,44,13,40"
"1292,40709,30,31,23,9,54,11"
"1291,40705,18,57,58,40,47,54"
"1290,40702,14,50,3,23,2,34"
"1289,40698,13,8,27,1,3,52"
"1288,40695,42,32,56,40,30,17"
"1287,40691,33,42,12,31,11,52"
"1286,40688,5,52,2,33,51,28"
"1285,40684,33,10,15,38,31,28"
"1284,40681,26,21,20,36,31,29"
"1283,40677,59,8,60,44,40,30"
"1282,40674,4,39,56,23,52,55"
"1281,40670,36,14,30,38,11,8"
"1280,40667,29,6,54,10,20,16"
"1279,40663,8,29,36,35,14,40"
"1278,40660,4,16,24,56,25,30"
"1277,40656,50,59,18,31,60,12"
"1276,40653,9,40,5,22,36,11"
"1275,40649,58,55,14,2,60,48"
"1274,40646,13,59,21,17,40,39"
"1273,40642,60,26,19,58,13,40"
"1272,40639,28,27,13,35,26,52"
"1271,40635,2,52,39,59,48,1"
"1270,40632,31,33,24,5,42,9"
"1269,40628,51,5,27,4,15,17"
"1268,40625,17,53,60,44,16,3"
"1267,40621,47,58,4,41,20,30"
"1266,40618,39,6,42,10,60,33"
"1265,40614,13,50,46,24,60,19"
"1264,40611,56,17,37,51,4,36"
"1263,40607,41,53,18,4,36,26"
"1262,40604,11,39,9,5,8,7"
"1261,40600,10,41,14,22,53,42"
"1260,40597,19,23,31,53,29,41"
"1259,40593,39,54,58,46,4,6"
"1258,40590,47,26,11,57,59,55"
"1257,40586,27,15,30,52,26,2"
"1256,40583,26,38,33,35,53,43"
"1255,40579,23,5,54,39,38,51"
"1254,40576,9,29,18,7,14,39"
"1253,40572,2,51,17,44,43,23"
"1252,40569,35,2,51,14,49,39"
"1251,40565,48,27,34,52,46,5"
"1250,40562,59,1,2,40,51,24"
"1249,40558,3,40,8,53,51,36"
"1248,40555,20,33,58,34,57,60"
"1247,40551,9,11,24,3,51,36"
"1246,40548,59,10,37,57,40,43"
"1245,40543,34,10,37,50,43,2"
"1244,40536,45,8,34,15,2,25"
"1243,40534,32,19,23,57,9,29"
"1242,40532,54,45,51,11,34,48"
"1241,40530,13,26,25,10,28,45"
"1240,40527,22,42,49,8,12,9"
"1239,40523,15,1,48,37,39,52"
"1238,40520,40,45,24,14,13,39"
"1237,40516,26,21,39,5,18,59"
"1236,40513,17,20,38,8,53,3"
"1235,40509,16,49,55,20,10,26"
"1234,40506,3,5,24,19,30,35"
"1233,40502,49,22,59,29,32,54"
"1232,40499,12,18,15,8,11,22"
"1231,40495,20,27,49,5,23,39"
"1230,40492,37,35,12,22,19,9"
"1229,40488,12,49,60,32,30,40"
"1228,40485,36,10,60,52,50,23"
"1227,40481,35,31,4,30,54,28"
"1226,40478,31,55,56,50,40,10"
"1225,40474,32,55,34,31,50,40"
"1224,40471,41,19,57,53,21,27"
"1223,40467,17,15,48,42,35,47"
"1222,40464,26,19,48,57,5,8"
"1221,40460,46,5,58,37,14,43"
"1220,40457,48,55,52,43,5,15"
"1219,40453,34,37,41,53,2,33"
"1218,40450,33,23,29,46,10,31"
"1217,40446,5,43,28,15,11,50"
"1216,40443,7,25,4,58,13,27"
"1215,40439,47,51,10,50,30,25"
"1214,40436,5,41,29,36,30,48"
"1213,40432,3,53,45,11,34,26"
"1212,40429,35,50,2,23,33,40"
"1211,40425,36,54,3,31,15,48"
"1210,40422,3,7,9,10,31,34"
"1209,40418,30,17,38,14,5,35"
"1208,40415,45,12,1,26,54,20"
"1207,40411,32,35,22,9,56,11"
"1206,40408,2,11,37,36,48,6"
"1205,40404,14,4,26,35,29,13"
"1204,40401,10,25,5,39,52,43"
"1203,40397,55,30,33,9,7,38"
"1202,40394,9,60,11,53,48,8"
"1201,40390,36,32,55,49,60,28"
"1200,40387,10,3,39,54,56,11"
"1199,40383,58,28,23,39,16,19"
"1198,40380,29,22,36,58,41,48"
"1197,40376,39,54,36,37,60,49"
"1196,40373,60,3,20,19,58,6"
"1195,40369,27,17,57,26,55,20"
"1194,40366,24,53,41,6,13,50"
"1193,40362,12,54,2,32,14,9"
"1192,40359,49,17,20,59,57,52"
"1191,40355,25,22,11,16,33,3"
"1190,40352,11,53,56,37,10,19"
"1189,40348,50,21,14,35,31,27"
"1188,40345,60,52,59,9,44,20"
"1187,40341,8,49,43,17,40,19"
"1186,40338,41,12,15,7,13,8"
"1185,40334,54,10,2,43,21,35"
"1184,40331,4,23,27,28,9,30"
"1183,40327,12,5,10,20,29,37"
"1182,40324,52,29,56,60,2,4"
"1181,40320,44,18,45,31,26,20"
"1180,40317,60,12,34,30,44,57"
"1179,40313,59,28,47,60,22,5"
"1178,40310,1,53,22,50,45,30"
"1177,40306,33,52,55,47,38,50"
"1176,40303,21,11,49,14,33,30"
"1175,40298,2,3,12,37,47,16"
"1174,40296,7,52,6,51,47,39"
"1173,40292,7,25,24,36,5,47"
"1172,40288,28,52,6,43,12,56"
"1171,40285,41,3,10,30,57,13"
"1170,40282,46,11,27,34,49,13"
"1169,40278,14,1,11,23,42,48"
"1168,40275,47,20,4,56,53,5"
"1167,40271,43,28,56,20,52,51"
"1166,40268,35,28,54,30,22,31"
"1165,40264,20,52,60,42,54,40"
"1164,40261,17,6,14,40,49,26"
"1163,40257,5,51,31,53,47,17"
"1162,40254,31,25,18,41,22,30"
"1161,40250,48,47,7,4,42,51"
"1160,40247,40,5,3,48,1,18"
"1159,40243,53,46,5,6,34,55"
"1158,40240,23,31,60,55,30,54"
"1157,40236,46,9,43,41,49,29"
"1156,40233,31,49,44,24,9,48"
"1155,40229,28,58,41,40,51,20"
"1154,40226,4,14,21,26,12,28"
"1153,40222,55,46,34,17,19,6"
"1152,40219,47,36,44,29,20,14"
"1151,40215,1,25,4,14,21,51"
"1150,40212,28,17,35,52,31,15"
"1149,40208,46,54,8,36,7,23"
"1148,40205,48,32,29,55,27,28"
"1147,40201,23,39,52,31,6,33"
"1146,40198,10,34,53,33,28,6"
"1145,40194,19,3,60,33,24,16"
"1144,40191,19,10,49,18,1,44"
"1143,40187,35,47,60,44,30,3"
"1142,40184,28,31,15,58,3,26"
"1141,40180,40,9,37,58,50,60"
"1140,40178,49,58,40,46,10,27"
"1139,40173,36,42,37,9,28,31"
"1138,40171,4,25,18,15,36,2"
"1137,40169,21,28,19,25,50,43"
"1136,40166,7,31,32,37,43,34"
"1135,40163,5,4,19,39,6,23"
"1134,40159,29,36,56,22,9,51"
"1133,40156,16,5,58,39,10,21"
"1132,40152,52,30,27,12,55,33"
"1131,40149,49,34,36,1,16,8"
"1130,40145,23,49,32,54,18,5"
"1129,40142,47,19,17,12,32,55"
"1128,40138,60,8,39,52,24,16"
"1127,40135,24,8,14,5,29,30"
"1126,40131,59,31,57,4,52,42"
"1125,40128,7,42,56,29,33,3"
"1124,40124,49,11,7,18,16,33"
"1123,40121,19,4,39,14,45,60"
"1122,40117,49,44,56,26,46,55"
"1121,40114,18,4,59,54,56,17"
"1120,40110,50,55,7,35,44,40"
"1119,40107,44,54,41,45,34,10"
"1118,40103,55,44,8,20,43,21"
"1117,40100,27,35,40,1,6,17"
"1116,40096,17,20,4,47,9,13"
"1115,40093,44,41,18,50,37,30"
"1114,40089,16,3,22,54,25,15"
"1113,40086,47,36,29,59,3,6"
"1112,40082,4,34,52,32,58,43"
"1111,40079,4,43,25,9,33,32"
"1110,40075,26,45,6,28,42,14"
"1109,40072,11,52,14,6,29,8"
"1108,40068,60,44,7,39,43,9"
"1107,40065,36,20,54,9,3,53"
"1106,40061,4,15,50,60,43,47"
"1105,40058,43,1,50,28,57,15"
"1104,40054,3,35,58,49,2,6"
"1103,40051,41,19,10,28,55,56"
"1102,40047,46,23,9,35,11,51"
"1101,40044,7,12,57,6,24,10"
"1100,40040,41,33,17,18,7,42"
"1099,40037,55,44,38,35,14,31"
"1098,40033,30,20,21,11,50,52"
"1097,40030,21,48,33,1,56,17"
"1096,40026,3,41,52,14,13,16"
"1095,40023,27,23,36,10,21,16"
"1094,40019,10,9,48,36,41,21"
"1093,40016,27,49,38,23,41,19"
"1092,40012,40,30,1,9,33,34"
"1091,40009,27,56,17,24,49,23"
"1090,40005,24,9,40,20,36,42"
"1089,40002,37,48,32,2,18,20"
"1088,39998,24,42,35,31,6,57"
"1087,39995,36,46,28,32,3,20"
"1086,39991,45,4,6,23,10,2"
"1085,39988,39,50,21,12,40,55"
"1084,39984,20,5,29,59,40,33"
"1083,39981,20,28,42,23,10,43"
"1082,39977,4,40,50,17,55,38"
"1081,39974,9,56,29,52,16,24"
"1080,39970,56,11,20,41,34,18"
"1079,39967,36,12,37,24,5,28"
"1078,39963,3,6,45,34,41,43"
"1077,39960,11,6,18,5,37,9"
"1076,39956,32,33,10,19,42,4"
"1075,39953,53,39,16,21,10,12"
"1074,39949,3,47,10,50,29,23"
"1073,39946,44,36,32,8,34,25"
"1072,39942,19,18,54,47,43,9"
"1071,39939,5,37,43,7,53,54"
"1070,39935,41,53,8,23,5,16"
"1069,39932,28,17,49,53,45,9"
"1068,39928,44,48,25,57,27,47"
"1067,39925,14,10,56,25,4,28"
"1066,39921,10,43,49,32,25,6"
"1065,39918,7,57,19,43,39,30"
"1064,39914,28,4,19,16,49,29"
"1063,39911,49,1,22,47,44,50"
"1062,39907,55,8,2,37,23,33"
"1061,39904,9,41,56,23,21,30"
"1060,39900,1,41,3,18,16,42"
"1059,39897,37,1,14,45,12,16"
"1058,39893,20,51,57,45,24,18"
"1057,39890,15,49,59,4,3,2"
"1056,39886,38,8,50,53,59,6"
"1055,39883,27,32,15,12,20,16"
"1054,39879,41,27,13,60,14,18"
"1053,39876,15,42,27,53,34,49"
"1052,39872,8,11,16,15,57,52"
"1051,39869,57,11,7,43,10,13"
"1050,39865,60,14,45,24,33,26"
"1049,39862,34,17,52,5,2,29"
"1048,39858,57,3,38,21,28,16"
"1047,39855,1,2,10,48,14,8"
"1046,39851,57,40,28,42,54,55"
"1045,39848,31,6,5,17,50,1"
"1044,39844,58,10,39,11,13,35"
"1043,39841,25,14,51,48,60,21"
"1042,39837,25,46,51,18,13,30"
"1041,39834,12,10,36,54,44,57"
"1040,39830,44,1,28,55,6,39"
"1039,39827,52,2,20,27,36,24"
"1038,39823,51,7,6,28,35,43"
"1037,39820,56,36,4,44,46,53"
"1036,39816,27,39,36,10,41,52"
"1035,39813,51,60,1,11,59,26"
"1034,39809,20,42,1,3,49,18"
"1033,39806,39,6,5,33,54,17"
"1032,39802,57,43,15,29,26,16"
"1031,39799,49,33,24,40,46,43"
"1030,39795,57,8,54,1,23,37"
"1029,39792,17,5,16,24,20,32"
"1028,39788,54,26,34,51,20,52"
"1027,39785,20,18,47,44,60,33"
"1026,39781,10,33,51,53,6,17"
"1025,39778,52,40,29,27,28,10"
"1024,39774,28,53,18,39,22,29"
"1023,39771,45,40,2,7,18,8"
"1022,39768,31,21,40,39,56,5"
"1021,39764,42,55,51,43,2,33"
"1020,39760,19,32,52,1,2,39"
"1019,39757,29,47,4,13,46,23"
"1018,39753,55,51,58,9,44,24"
"1017,39750,31,51,19,6,56,34"
"1016,39746,11,9,25,5,60,20"
"1015,39743,49,8,28,3,26,17"
"1014,39739,60,57,9,25,8,41"
"1013,39736,7,9,20,41,12,19"
"1012,39732,47,19,58,14,40,55"
"1011,39729,30,2,52,21,11,35"
"1010,39725,2,46,3,37,13,54"
"1009,39722,34,12,1,6,58,29"
"1008,39718,7,15,42,48,34,13"
"1007,39715,49,27,4,36,52,37"
"1006,39711,48,17,4,33,55,2"
"1005,39708,6,41,4,37,12,42"
"1004,39704,45,47,29,40,44,43"
"1003,39701,10,27,23,5,16,26"
"1002,39697,3,31,7,25,40,58"
"1001,39694,15,37,27,12,60,51"
"1000,39690,49,58,53,39,38,29"
"999,39687,44,36,55,58,18,24"
"998,39683,28,21,4,32,3,22"
"997,39680,18,53,55,32,9,17"
"996,39676,21,23,20,7,29,15"
"995,39673,4,54,55,36,16,31"
"994,39669,44,40,58,29,3,20"
"993,39666,26,25,42,60,5,24"
"992,39662,6,8,4,1,25,28"
"991,39659,8,38,60,41,15,9"
"990,39655,29,18,2,15,10,39"
"989,39652,38,21,27,2,29,32"
"988,39648,48,17,46,56,60,8"
"987,39645,47,27,13,31,34,58"
"986,39641,32,6,31,24,15,19"
"985,39638,4,56,18,59,46,16"
"984,39634,46,20,4,43,47,10"
"983,39631,38,45,40,16,32,22"
"982,39627,12,24,8,40,43,49"
"981,39624,8,41,53,1,58,34"
"980,39620,35,17,59,15,36,29"
"979,39617,28,3,39,51,31,15"
"978,39613,42,58,12,18,16,27"
"977,39610,17,3,9,32,7,5"
"976,39606,28,53,38,23,14,25"
"975,39603,33,9,37,40,41,30"
"974,39599,45,20,38,31,16,12"
"973,39596,53,36,8,30,1,47"
"972,39592,33,18,15,56,31,34"
"971,39589,4,14,33,44,11,45"
"970,39585,57,34,5,54,28,21"
"969,39582,56,35,50,13,41,25"
"968,39578,30,4,13,60,51,1"
"967,39575,18,14,57,30,13,5"
"966,39571,1,58,26,28,4,41"
"965,39568,36,39,57,58,5,30"
"964,39564,42,13,33,20,8,26"
"963,39561,37,17,15,50,48,59"
"962,39557,2,48,49,40,55,11"
"961,39554,16,53,2,4,21,36"
"960,39550,34,6,33,18,53,19"
"959,39547,57,3,5,11,33,39"
"958,39543,13,22,7,33,51,48"
"957,39540,50,32,25,34,57,24"
"956,39536,46,51,47,59,54,57"
"955,39533,35,5,32,21,33,12"
"954,39529,8,5,24,18,57,33"
"953,39526,55,48,1,39,16,42"
"952,39522,54,11,27,18,2,30"
"951,39519,49,24,39,34,55,14"
"950,39515,48,59,49,41,42,23"
"949,39512,44,1,51,52,41,23"
"948,39508,22,44,41,46,52,54"
"947,39505,33,11,3,58,14,5"
"946,39501,59,1,47,5,52,12"
"945,39498,44,8,59,54,4,27"
"944,39494,16,58,43,37,52,59"
"943,39491,47,41,58,3,23,12"
"942,39487,5,52,18,8,59,42"
"941,39484,11,15,10,27,60,53"
"940,39480,25,33,51,31,5,37"
"939,39477,6,23,19,50,37,49"
"938,39473,35,15,27,57,50,59"
"937,39470,22,41,2,30,21,52"
"936,39466,5,33,14,29,44,22"
"935,39463,7,45,18,13,29,31"
"934,39459,25,48,44,3,21,1"
"933,39456,25,39,45,51,8,14"
"932,39452,2,21,42,53,36,17"
"931,39447,17,34,7,36,39,19"
"930,39438,46,20,55,37,28,49"
"929,39435,16,49,35,39,57,27"
"928,39431,32,10,49,60,4,33"
"927,39428,36,26,31,23,19,33"
"926,39424,40,41,34,33,21,59"
"925,39421,52,37,46,8,22,36"
"924,39417,51,27,60,21,20,2"
"923,39414,53,39,2,50,57,15"
"922,39410,41,49,45,19,13,12"
"921,39407,35,41,1,57,9,48"
"920,39403,17,57,55,24,52,5"
"919,39400,43,25,41,60,31,3"
"918,39396,38,44,8,4,12,52"
"917,39393,23,59,25,47,46,30"
"916,39389,33,37,5,38,28,36"
"915,39386,20,28,49,26,17,48"
"914,39382,33,51,9,23,45,12"
"913,39379,30,14,59,36,46,38"
"912,39375,26,21,54,4,19,29"
"911,39372,49,46,1,29,6,28"
"910,39368,53,29,36,3,15,27"
"909,39365,42,17,26,38,28,22"
"908,39361,19,1,9,25,50,52"
"907,39358,9,41,53,37,36,51"
"906,39354,35,39,29,24,7,14"
"905,39351,4,15,57,55,2,16"
"904,39347,32,44,59,53,48,51"
"903,39344,17,5,32,55,20,41"
"902,39340,52,55,23,50,58,18"
"901,39337,32,34,16,13,56,33"
"900,39333,4,21,59,18,38,34"
"899,39330,58,18,54,36,53,20"
"898,39326,4,8,3,54,45,30"
"897,39323,21,57,46,22,7,43"
"896,39319,31,11,41,35,22,5"
"895,39316,2,55,41,43,57,58"
"894,39312,37,24,44,28,20,41"
"893,39309,56,53,51,26,18,3"
"892,39305,1,49,52,42,19,44"
"891,39302,15,22,19,35,34,16"
"890,39298,9,21,22,7,17,54"
"889,39295,34,54,20,39,60,24"
"888,39291,50,24,40,54,52,60"
"887,39288,44,12,32,21,1,34"
"886,39284,50,55,37,33,59,17"
"885,39281,13,4,31,33,47,51"
"884,39277,22,11,2,14,39,12"
"883,39274,21,37,60,32,52,53"
"882,39270,42,45,44,60,41,17"
"881,39267,43,24,4,51,18,56"
"880,39263,51,30,49,25,37,46"
"879,39260,29,10,46,35,42,28"
"878,39256,37,12,43,38,11,54"
"877,39253,13,15,20,31,28,36"
"876,39249,4,12,41,45,60,8"
"875,39246,53,18,36,58,24,20"
"874,39242,59,20,52,42,44,10"
"873,39239,57,59,4,34,19,30"
"872,39235,18,55,58,43,31,5"
"871,39232,17,5,58,1,47,10"
"870,39228,52,8,43,34,40,21"
"869,39225,29,42,50,51,49,27"
"868,39221,57,51,21,22,25,40"
"867,39218,54,26,28,19,44,10"
"866,39214,36,48,27,40,5,46"
"865,39211,27,23,41,51,26,53"
"864,39207,31,11,33,42,57,8"
"863,39204,32,53,50,57,15,24"
"862,39200,19,35,12,2,11,8"
"861,39197,42,40,60,59,47,39"
"860,39195,22,8,17,42,44,2"
"859,39190,46,47,12,57,34,9"
"858,39186,31,37,54,23,4,18"
"857,39183,17,59,49,2,3,50"
"856,39179,11,40,41,47,15,42"
"855,39176,42,3,24,53,43,31"
"854,39172,17,3,24,27,44,25"
"853,39169,51,30,59,46,38,56"
"852,39165,14,38,6,23,44,34"
"851,39162,16,32,35,58,19,3"
"850,39158,60,22,59,25,44,7"
"849,39155,8,39,9,58,44,49"
"848,39151,56,34,17,32,47,27"
"847,39148,42,14,44,27,15,48"
"846,39144,47,54,2,50,3,44"
"845,39141,40,48,19,20,14,52"
"844,39137,54,24,44,57,34,16"
"843,39130,34,48,1,16,45,36"
"842,39127,51,44,60,9,7,30"
"841,39123,36,51,32,22,38,7"
"840,39120,43,29,35,59,31,17"
"839,39116,11,18,8,7,37,43"
"838,39113,9,30,47,38,23,44"
"837,39109,16,5,24,34,6,60"
"836,39106,28,22,38,17,52,59"
"835,39102,58,31,57,49,33,18"
"834,39099,44,10,17,16,51,34"
"833,39095,53,58,57,16,46,13"
"832,39092,17,49,15,33,39,23"
"831,39088,3,50,48,42,32,33"
"830,39085,53,51,2,41,13,49"
"829,39082,32,50,14,47,10,56"
"828,39074,23,50,53,42,28,38"
"827,39072,24,56,30,51,42,18"
"826,39070,45,6,8,7,53,27"
"825,39067,28,21,40,10,41,47"
"824,39064,33,48,6,7,20,9"
"823,39060,15,26,59,1,54,51"
"822,39057,4,17,41,10,27,52"
"821,39053,4,29,38,36,33,42"
"820,39050,17,45,32,21,10,46"
"819,39046,51,5,58,46,25,19"
"818,39043,44,41,22,8,9,25"
"817,39039,34,43,29,30,10,52"
"816,39037,21,47,40,52,30,20"
"815,39032,57,50,9,39,37,19"
"814,39029,11,2,46,50,8,41"
"813,39025,23,15,56,46,9,45"
"812,39022,57,39,54,11,38,13"
"811,39018,32,57,28,41,10,47"
"810,39015,4,33,1,48,5,37"
"809,39011,25,23,11,5,30,15"
"808,39008,15,21,31,46,2,57"
"807,39004,8,27,2,32,56,49"
"806,39002,60,41,47,26,35,18"
"805,38997,30,2,48,60,43,36"
"804,38994,13,59,37,56,3,47"
"803,38990,10,57,28,3,5,21"
"802,38987,14,24,60,6,18,48"
"801,38983,20,22,11,19,48,42"
"800,38980,1,7,56,11,37,38"
"799,38976,29,35,19,57,42,55"
"798,38973,32,9,4,52,29,3"
"797,38969,58,48,52,47,12,6"
"796,38966,19,24,43,34,39,5"
"795,38962,14,36,21,29,26,48"
"794,38959,56,47,55,38,42,3"
"793,38955,3,51,33,15,16,57"
"792,38952,43,56,9,45,29,34"
"791,38948,42,35,19,9,14,58"
"790,38945,22,2,19,28,43,6"
"789,38941,60,39,31,38,6,50"
"788,38938,31,57,17,19,29,44"
"787,38934,37,31,20,60,34,54"
"786,38931,27,31,26,11,10,41"
"785,38927,35,5,37,8,48,17"
"784,38924,42,56,8,37,27,53"
"783,38920,43,21,48,8,4,32"
"782,38917,11,23,59,42,35,2"
"781,38913,10,54,8,39,56,13"
"780,38910,10,50,28,51,59,7"
"779,38906,36,54,52,25,29,26"
"778,38903,45,20,36,37,31,51"
"777,38899,14,50,23,2,28,56"
"776,38896,57,35,60,41,3,15"
"775,38892,27,12,46,47,42,50"
"774,38889,37,5,54,58,46,10"
"773,38885,3,5,51,29,34,14"
"772,38882,38,51,52,60,10,35"
"771,38878,29,46,34,47,21,14"
"770,38875,4,34,25,35,48,12"
"769,38871,20,21,50,29,12,16"
"768,38868,33,37,59,30,4,8"
"767,38864,22,50,32,38,54,15"
"766,38861,1,50,19,42,24,58"
"765,38858,3,37,50,16,30,10"
"764,38855,7,3,55,47,53,45"
"763,38850,40,47,1,48,9,26"
"762,38847,39,9,21,12,37,54"
"761,38843,56,29,17,13,27,40"
"760,38840,12,17,60,44,46,45"
"759,38836,59,39,30,31,48,45"
"758,38833,47,59,1,23,36,43"
"757,38829,17,32,12,18,58,30"
"756,38826,37,50,41,5,38,27"
"755,38822,59,30,47,12,4,49"
"754,38819,4,42,34,50,3,13"
"753,38815,59,35,43,22,7,2"
"752,38812,25,4,29,42,24,23"
"751,38808,4,25,38,50,20,7"
"750,38805,58,17,54,10,42,33"
"749,38801,24,47,4,57,48,50"
"748,38798,1,7,19,51,35,2"
"747,38794,21,23,56,12,3,2"
"746,38791,49,12,10,57,25,1"
"745,38787,21,57,37,16,43,2"
"744,38784,26,46,12,23,39,4"
"743,38780,54,20,32,60,25,23"
"742,38777,34,17,7,41,2,50"
"741,38773,26,39,27,24,59,36"
"740,38770,29,47,12,50,16,28"
"739,38766,6,45,56,49,35,10"
"738,38763,15,30,14,42,26,54"
"737,38759,33,12,24,38,11,32"
"736,38756,1,21,38,41,56,49"
"735,38752,40,42,15,52,38,9"
"734,38749,44,45,27,29,43,54"
"733,38745,12,26,31,43,46,2"
"732,38742,49,19,53,50,17,6"
"731,38738,35,6,15,23,28,16"
"730,38735,45,15,2,54,16,50"
"729,38731,33,56,18,57,43,5"
"728,38728,44,42,13,8,24,32"
"727,38724,14,42,12,4,59,30"
"726,38721,40,47,1,5,7,37"
"725,38717,49,9,3,35,37,41"
"724,38707,34,51,55,17,48,27"
"723,38703,16,6,52,1,36,50"
"722,38700,60,36,57,18,44,9"
"721,38696,14,3,23,55,36,25"
"720,38693,12,56,44,51,31,54"
"719,38689,39,47,37,53,32,3"
"718,38686,7,35,21,39,58,33"
"717,38682,28,35,41,17,6,23"
"716,38679,29,2,7,50,16,32"
"715,38675,54,36,12,4,33,24"
"714,38672,17,53,39,8,7,35"
"713,38668,46,1,26,16,12,54"
"712,38665,35,7,53,58,8,43"
"711,38661,10,5,41,59,40,33"
"710,38654,46,25,5,49,39,34"
"709,38651,29,22,44,9,6,4"
"708,38647,45,13,39,47,9,7"
"707,38644,51,8,1,43,10,36"
"706,38640,22,10,17,7,2,60"
"705,38633,3,15,11,13,26,43"
"704,38630,2,27,50,34,18,4"
"703,38626,30,24,2,45,11,27"
"702,38623,1,56,18,58,45,57"
"701,38619,13,1,31,23,60,48"
"700,38616,2,3,24,40,31,14"
"699,38614,53,17,50,23,54,48"
"698,38609,22,8,27,43,55,12"
"697,38605,53,35,32,31,28,51"
"696,38598,37,16,34,57,53,9"
"695,38595,13,40,21,52,6,11"
"694,38591,15,19,29,53,37,41"
"693,38588,14,50,41,17,31,13"
"692,38584,33,18,60,11,58,57"
"691,38581,55,16,58,8,37,50"
"690,38577,15,41,8,47,12,53"
"689,38574,6,60,7,31,49,51"
"688,38570,47,30,52,11,21,35"
"687,38567,59,48,1,7,41,14"
"686,38563,33,5,4,54,15,26"
"685,38560,33,27,5,56,12,43"
"684,38556,50,37,33,40,19,17"
"683,38553,43,40,12,11,2,35"
"682,38549,60,37,47,36,4,27"
"681,38546,59,21,53,25,58,38"
"680,38542,44,2,26,5,3,22"
"679,38539,37,21,54,3,58,25"
"678,38535,44,46,31,14,40,42"
"677,38532,25,10,48,8,32,55"
"676,38528,49,32,15,9,41,42"
"675,38525,50,42,30,25,43,24"
"674,38521,22,32,18,29,42,38"
"673,38518,6,40,37,11,20,34"
"672,38514,43,34,53,38,28,24"
"671,38511,27,16,39,51,9,38"
"670,38507,42,59,58,37,48,22"
"669,38504,7,41,24,40,49,27"
"668,38500,49,33,56,2,14,1"
"667,38497,5,23,16,4,49,1"
"666,38493,7,26,16,29,45,55"
"665,38490,8,47,7,48,25,18"
"664,38486,12,1,55,59,38,36"
"663,38483,1,49,30,55,27,51"
"662,38479,4,60,56,25,18,23"
"661,38476,42,40,27,4,55,36"
"660,38472,53,5,38,54,46,11"
"659,38469,14,29,40,34,51,52"
"658,38465,41,20,36,3,11,6"
"657,38462,20,59,58,33,60,16"
"656,38458,59,37,46,36,35,51"
"655,38455,26,39,1,37,43,48"
"654,38451,10,11,56,40,41,6"
"653,38448,31,24,19,34,9,5"
"652,38444,24,18,57,56,10,20"
"651,38441,39,45,28,26,48,60"
"650,38437,53,59,25,29,10,24"
"649,38434,9,54,41,48,33,24"
"648,38430,5,48,23,42,45,29"
"647,38427,56,19,11,14,12,54"
"646,38423,13,47,60,32,49,10"
"645,38420,52,48,24,53,54,3"
"644,38416,57,29,31,27,34,14"
"643,38413,14,45,24,37,40,42"
"642,38409,51,17,56,36,44,40"
"641,38406,17,13,33,9,1,34"
"640,38402,12,42,59,46,19,60"
"639,38399,51,39,35,60,45,13"
"638,38395,42,10,50,41,11,36"
"637,38388,52,58,43,48,11,18"
"636,38385,30,32,34,50,28,26"
"635,38381,49,42,37,8,20,26"
"634,38378,13,41,24,42,10,56"
"633,38374,27,46,5,50,11,22"
"632,38371,2,54,48,51,19,28"
"631,38367,1,28,47,20,44,32"
"630,38364,16,53,20,60,12,45"
"629,38360,40,47,39,16,51,15"
"628,38357,8,16,22,56,58,30"
"627,38350,19,13,45,58,56,1"
"626,38343,49,8,22,18,7,39"
"625,38339,59,12,32,42,24,40"
"624,38336,39,23,34,52,8,43"
"623,38332,42,23,55,30,9,49"
"622,38329,59,27,19,29,50,38"
"621,38325,29,31,50,26,57,49"
"620,38322,22,1,29,13,32,3"
"619,38318,16,12,46,14,8,19"
"618,38315,60,10,3,8,24,13"
"617,38311,25,5,49,36,33,3"
"616,38308,24,16,26,54,12,2"
"615,38304,27,31,8,10,51,5"
"614,38301,60,31,12,48,57,16"
"613,38297,54,55,13,44,6,19"
"612,38294,55,33,15,50,53,18"
"611,38290,22,21,33,16,48,49"
"610,38287,25,49,30,43,47,45"
"609,38283,15,2,59,60,6,58"
"608,38280,30,6,37,19,24,13"
"607,38276,6,59,11,27,19,41"
"606,38273,41,6,23,55,32,35"
"605,38269,44,52,53,4,49,24"
"604,38266,41,49,51,25,15,46"
"603,38262,4,8,11,29,12,44"
"602,38259,38,60,13,7,55,46"
"601,38255,37,19,29,30,10,22"
"600,38252,18,39,54,34,31,16"
"599,38248,6,45,51,9,23,4"
"598,38245,5,16,53,38,50,34"
"597,38241,42,40,27,22,56,29"
"596,38238,43,60,28,11,54,14"
"595,38234,54,2,43,1,50,25"
"594,38231,10,53,55,29,13,47"
"593,38227,27,29,1,59,25,49"
"592,38224,55,14,59,47,13,42"
"591,38220,58,3,18,50,34,1"
"590,38217,25,51,5,18,4,28"
"589,38213,13,7,33,59,6,8"
"588,38210,45,13,46,55,53,11"
"587,38206,30,2,36,18,60,29"
"586,38203,45,38,13,11,54,39"
"585,38199,24,39,12,33,57,36"
"584,38196,30,53,23,7,32,8"
"583,38192,55,6,41,20,43,7"
"582,38189,13,40,29,59,45,51"
"581,38185,30,25,52,14,39,17"
"580,38182,38,16,18,28,15,47"
"579,38178,15,34,39,17,4,9"
"578,38175,48,3,58,18,56,23"
"577,38171,31,47,28,23,8,24"
"576,38168,18,43,52,39,7,8"
"575,38164,18,29,21,48,35,5"
"574,38161,32,23,2,10,44,17"
"573,38157,59,29,17,6,40,22"
"572,38154,33,3,20,60,9,16"
"571,38150,14,31,12,13,51,50"
"570,38147,35,32,36,33,51,15"
"569,38143,32,15,14,9,3,57"
"568,38140,25,41,17,29,13,22"
"567,38136,57,58,11,38,41,31"
"566,38133,17,6,20,18,13,37"
"565,38129,31,37,35,7,45,34"
"564,38126,38,13,32,20,10,49"
"563,38122,34,8,23,44,51,5"
"562,38119,37,35,23,16,57,55"
"561,38115,39,49,36,20,55,1"
"560,38112,32,18,11,30,2,58"
"559,38108,53,25,36,13,17,6"
"558,38105,59,57,7,58,31,14"
"557,38101,18,49,38,23,8,12"
"556,38098,8,45,30,33,17,10"
"555,38094,49,5,23,33,45,31"
"554,38091,47,29,31,15,60,42"
"553,38087,43,46,58,53,54,4"
"552,38084,22,54,52,47,49,9"
"551,38080,56,48,57,21,12,46"
"550,38077,17,56,16,38,39,45"
"549,38073,13,51,58,22,46,8"
"548,38070,51,49,14,47,59,58"
"547,38066,4,59,13,53,28,30"
"546,38063,46,4,54,17,13,5"
"545,38059,43,35,57,29,40,17"
"544,38056,11,33,56,47,17,34"
"543,38052,35,54,37,42,49,46"
"542,38049,49,4,19,28,35,6"
"541,38045,58,57,27,13,49,52"
"540,38038,22,4,30,44,28,49"
"539,38035,16,50,55,6,47,19"
"538,38031,45,43,56,25,52,3"
"537,38028,37,3,19,34,39,7"
"536,38024,14,22,25,15,37,23"
"535,38021,49,14,47,56,6,28"
"534,38017,48,57,23,8,31,3"
"533,38014,27,18,13,59,21,53"
"532,38010,13,4,12,53,9,52"
"531,38007,3,1,35,7,18,50"
"530,38003,32,21,25,1,6,49"
"529,38000,56,45,13,33,38,1"
"528,37996,34,28,37,12,8,31"
"527,37993,17,14,50,52,6,26"
"526,37989,3,59,21,36,55,31"
"525,37982,26,32,24,49,8,10"
"524,37975,47,29,34,48,19,41"
"523,37972,45,58,40,39,28,44"
"522,37968,49,52,15,25,14,6"
"521,37965,28,32,38,25,15,45"
"520,37961,32,34,17,35,9,12"
"519,37958,9,36,15,19,42,22"
"518,37954,44,8,5,15,18,10"
"517,37951,51,32,8,28,38,7"
"516,37947,24,5,34,13,35,33"
"515,37944,39,16,57,15,45,48"
"514,37940,15,52,40,36,51,42"
"513,37937,46,10,27,19,33,39"
"512,37933,8,40,58,4,53,31"
"511,37930,8,36,34,37,3,4"
"510,37926,30,45,58,1,4,41"
"509,37923,32,55,34,35,28,33"
"508,37919,46,56,5,15,45,10"
"507,37916,44,58,5,27,33,3"
"506,37912,31,37,34,15,38,4"
"505,37909,47,20,52,3,46,28"
"504,37905,39,19,11,8,50,30"
"503,37902,10,21,48,27,49,7"
"502,37898,50,7,33,21,24,13"
"501,37895,34,27,56,28,16,39"
"500,37891,35,21,54,29,38,36"
"499,37884,59,1,11,5,44,4"
"498,37881,49,28,2,6,57,50"
"497,37877,9,41,32,13,58,20"
"496,37874,41,20,19,29,59,10"
"495,37870,36,15,60,8,29,49"
"494,37867,28,32,49,53,18,20"
"493,37863,54,20,3,18,42,24"
"492,37860,57,2,15,6,56,18"
"491,37856,22,43,15,55,9,1"
"490,37853,5,11,29,54,23,58"
"489,37849,28,36,17,53,33,59"
"488,37846,30,39,35,43,15,57"
"487,37842,25,22,48,52,54,8"
"486,37839,50,42,19,8,30,14"
"485,37835,38,28,52,30,19,57"
"484,37832,53,19,38,18,17,49"
"483,37828,16,23,35,18,44,59"
"482,37825,13,56,12,33,53,54"
"481,37821,42,6,24,44,22,13"
"480,37818,36,38,33,14,49,41"
"479,37814,20,54,58,26,41,46"
"478,37811,30,8,31,3,21,25"
"477,37807,47,34,8,6,18,38"
"476,37804,38,43,20,55,17,58"
"475,37800,19,6,43,52,8,22"
"474,37797,34,3,12,50,32,40"
"473,37793,51,7,58,49,23,41"
"472,37790,12,3,38,29,51,4"
"471,37786,51,59,31,5,36,32"
"470,37783,51,58,23,11,8,37"
"469,37779,29,47,42,21,13,26"
"468,37776,23,6,25,39,51,5"
"467,37772,38,21,8,22,18,60"
"466,37769,28,16,45,29,30,11"
"465,37765,46,31,1,57,22,51"
"464,37762,6,33,45,38,24,50"
"463,37758,7,18,2,45,3,53"
"462,37755,27,48,17,19,26,22"
"461,37751,30,17,20,29,15,60"
"460,37748,19,55,30,23,37,49"
"459,37744,43,17,8,15,49,39"
"458,37741,43,53,13,32,34,24"
"457,37737,48,15,24,27,17,32"
"456,37734,17,40,22,27,33,3"
"455,37730,50,15,17,2,14,59"
"454,37727,4,17,42,56,46,24"
"453,37723,58,52,8,34,20,23"
"452,37720,54,11,51,16,36,30"
"451,37716,23,18,31,17,53,28"
"450,37713,59,51,13,1,9,50"
"449,37709,34,56,24,1,49,8"
"448,37706,5,3,52,45,9,51"
"447,37702,24,55,15,33,25,42"
"446,37699,11,20,8,47,12,17"
"445,37695,31,50,7,53,32,20"
"444,37692,48,52,57,24,3,33"
"443,37688,11,36,17,26,52,48"
"442,37681,15,31,23,6,59,37"
"441,37678,2,15,58,10,59,21"
"440,37674,46,23,30,47,5,3"
"439,37671,42,13,20,29,43,57"
"438,37667,38,48,14,3,11,5"
"437,37664,54,10,59,44,30,7"
"436,37660,1,6,57,29,48,7"
"435,37657,37,11,17,31,43,10"
"434,37653,24,17,4,54,30,10"
"433,37650,36,17,28,16,54,30"
"432,37646,50,17,13,27,4,39"
"431,37643,58,26,40,37,47,52"
"430,37639,50,21,10,25,38,8"
"429,37636,55,32,17,36,26,43"
"428,37632,60,8,32,28,46,30"
"427,37629,51,13,43,24,3,14"
"426,37625,7,32,54,50,30,37"
"425,37618,6,16,10,34,47,42"
"424,37611,29,36,27,18,59,46"
"423,37608,8,22,33,40,32,53"
"422,37604,60,12,56,37,55,43"
"421,37601,38,45,35,37,5,51"
"420,37597,43,12,59,30,57,29"
"419,37594,41,42,52,53,16,9"
"418,37590,45,8,32,49,15,52"
"417,37587,25,7,12,21,42,34"
"416,37583,13,1,23,56,54,33"
"415,37580,38,44,4,1,27,42"
"414,37576,35,26,58,52,45,16"
"413,37573,35,53,29,33,2,4"
"412,37569,45,5,14,21,59,12"
"411,37566,10,56,12,31,45,38"
"410,37562,31,55,36,24,8,38"
"409,37559,26,49,25,18,31,34"
"408,37555,49,44,33,28,56,14"
"407,37552,49,2,18,51,22,57"
"406,37548,47,32,48,12,38,2"
"405,37545,57,60,34,24,29,47"
"404,37541,24,38,58,1,40,28"
"403,37538,46,31,7,16,60,27"
"402,37534,27,43,58,5,16,56"
"401,37531,50,18,44,53,11,43"
"400,37527,29,59,13,10,54,28"
"399,37524,59,55,16,27,47,11"
"398,37520,28,7,16,37,36,22"
"397,37517,32,24,2,5,1,46"
"396,37513,47,18,6,45,34,42"
"395,37510,11,58,31,14,10,20"
"394,37506,15,49,42,5,45,35"
"393,37503,12,50,36,6,35,40"
"392,37499,49,47,39,31,15,23"
"391,37496,7,15,35,16,40,4"
"390,37492,7,22,34,12,38,53"
"389,37489,46,14,54,18,43,5"
"388,37485,52,48,53,58,23,36"
"387,37482,29,28,48,47,43,22"
"386,37478,39,54,43,36,17,35"
"385,37475,22,12,24,18,5,16"
"384,37471,28,50,47,24,40,52"
"383,37468,48,22,53,56,50,14"
"382,37464,54,38,53,31,37,34"
"381,37461,9,56,46,28,10,55"
"380,37457,47,22,13,30,31,57"
"379,37454,41,55,24,59,33,40"
"378,37450,55,45,48,41,5,38"
"377,37447,46,19,3,45,12,27"
"376,37443,25,13,10,43,35,48"
"375,37440,51,9,42,5,58,1"
"374,37436,54,2,26,5,44,16"
"373,37433,31,33,24,10,5,1"
"372,37429,24,17,46,57,16,39"
"371,37426,23,33,39,4,60,18"
"370,37422,51,42,4,54,1,40"
"369,37419,21,42,1,60,35,14"
"368,37415,13,50,38,32,44,29"
"367,37412,52,49,27,33,12,10"
"366,37408,6,4,51,7,21,15"
"365,37405,52,19,34,37,58,23"
"364,37401,59,44,29,5,51,57"
"363,37398,39,54,29,49,47,19"
"362,37394,37,20,33,46,7,56"
"361,37391,41,28,45,31,16,59"
"360,37387,47,24,29,55,53,23"
"359,37384,31,54,20,29,13,19"
"358,37380,40,42,32,12,21,17"
"357,37373,45,53,32,2,30,35"
"356,37370,54,19,5,58,56,21"
"355,37366,2,37,22,60,14,23"
"354,37363,40,52,38,16,7,41"
"353,37359,60,46,30,55,23,19"
"352,37356,49,7,47,25,20,44"
"351,37352,15,16,59,60,24,41"
"350,37349,23,30,43,10,15,57"
"349,37345,9,38,32,8,54,28"
"348,37342,39,40,33,52,19,30"
"347,37338,26,10,52,1,12,48"
"346,37335,56,7,46,60,41,12"
"345,37331,56,11,58,46,51,22"
"344,37328,33,36,12,35,10,14"
"343,37324,4,6,7,24,12,41"
"342,37321,29,49,54,51,16,34"
"341,37317,56,23,22,43,16,5"
"340,37314,10,60,42,9,33,12"
"339,37310,13,16,12,5,27,50"
"338,37307,48,46,9,1,36,4"
"337,37303,31,52,14,54,16,4"
"336,37296,2,18,54,22,30,26"
"335,37293,43,33,57,23,59,7"
"334,37289,41,26,51,14,24,23"
"333,37286,35,27,53,44,52,4"
"332,37282,28,23,42,29,44,34"
"331,37279,27,1,35,20,37,13"
"330,37275,2,4,23,37,14,51"
"329,37272,24,11,40,12,35,10"
"328,37268,51,5,23,7,14,21"
"327,37265,46,38,29,33,32,48"
"326,37261,52,23,40,51,44,21"
"325,37254,4,23,3,1,21,53"
"324,37247,22,8,30,15,47,25"
"323,37244,31,49,54,33,26,40"
"322,37240,18,11,29,44,47,56"
"321,37237,11,31,32,48,49,4"
"320,37233,20,53,47,50,22,27"
"319,37230,12,16,23,17,19,48"
"318,37226,19,53,40,3,31,20"
"317,37223,27,20,48,16,30,35"
"316,37219,28,51,56,6,24,43"
"315,37216,50,21,43,12,28,22"
"314,37212,5,32,40,58,37,34"
"313,37209,14,38,53,24,16,37"
"312,37205,14,30,50,41,47,23"
"311,37202,32,22,24,41,30,38"
"310,37198,28,14,29,2,31,32"
"309,37195,39,50,25,55,11,4"
"308,37191,55,25,4,11,29,39"
"307,37188,26,17,13,41,16,44"
"306,37184,30,19,57,41,56,47"
"305,37181,11,5,27,60,38,53"
"304,37177,42,7,11,34,59,41"
"303,37174,7,13,30,37,47,17"
"302,37170,25,40,12,60,30,41"
"301,37167,58,26,49,57,48,9"
"300,37163,27,57,41,38,28,24"
"299,37160,7,5,2,53,33,49"
"298,37156,22,34,24,23,5,60"
"297,37153,20,28,41,1,33,36"
"296,37149,20,51,42,3,52,46"
"295,37146,24,44,7,31,12,50"
"294,37142,28,45,41,22,57,25"
"293,37139,6,12,35,5,28,7"
"292,37135,24,34,53,45,23,13"
"291,37132,22,16,5,41,18,17"
"290,37128,57,30,7,25,40,26"
"289,37125,36,6,30,20,7,25"
"288,37121,50,9,18,11,6,17"
"287,37118,60,47,3,33,25,13"
"286,37114,44,37,56,29,47,35"
"285,37111,50,56,41,12,32,37"
"284,37107,8,36,14,32,30,7"
"283,37104,48,34,28,54,25,42"
"282,37100,33,24,36,9,14,23"
"281,37093,11,5,47,31,53,38"
"280,37086,5,16,30,25,58,20"
"279,37079,31,59,4,58,23,47"
"278,37072,22,10,18,55,15,31"
"277,37065,40,26,38,4,56,52"
"276,37058,53,59,39,45,22,57"
"275,37051,16,30,19,38,48,37"
"274,37044,11,39,47,18,13,26"
"273,37037,47,52,10,27,23,17"
"272,37030,36,58,9,10,56,24"
"271,37023,14,31,54,29,26,24"
"270,37016,45,27,35,40,5,9"
"269,37009,19,18,52,25,17,49"
"268,37002,21,10,47,6,5,33"
"267,36995,58,1,45,55,8,46"
"266,36988,38,54,48,23,2,46"
"265,36981,7,50,53,16,41,34"
"264,36974,5,25,31,13,1,33"
"263,36967,8,50,26,9,53,43"
"262,36960,53,60,48,20,58,11"
"261,36953,5,54,20,56,30,16"
"260,36946,43,4,60,59,6,33"
"259,36939,20,43,33,13,15,58"
"258,36932,12,60,54,7,55,50"
"257,36925,28,5,1,34,4,19"
"256,36918,21,52,34,26,2,32"
"255,36911,32,44,55,19,20,16"
"254,36904,4,30,56,21,22,1"
"253,36897,12,11,56,44,24,37"
"252,36890,17,54,4,51,32,26"
"251,36883,34,15,23,55,49,30"
"250,36876,55,25,41,42,43,7"
"249,36869,21,55,54,40,36,49"
"248,36862,56,16,34,41,35,32"
"247,36855,34,3,30,10,23,46"
"246,36848,2,57,32,43,16,37"
"245,36841,44,51,27,53,8,60"
"244,36834,19,60,50,24,47,33"
"243,36827,20,47,23,32,16,11"
"242,36820,22,7,4,21,28,56"
"241,36813,11,57,40,35,56,31"
"240,36806,59,28,25,41,57,38"
"239,36799,33,21,44,46,47,6"
"238,36792,15,9,41,13,37,42"
"237,36785,36,7,45,31,56,57"
"236,36778,10,52,50,57,25,60"
"235,36771,29,41,55,2,31,22"
"234,36764,15,45,54,25,42,41"
"233,36757,45,3,24,36,7,32"
"232,36750,29,19,41,22,37,59"
"231,36743,16,59,27,42,44,36"
"230,36736,56,44,41,40,8,53"
"229,36729,39,45,11,21,33,13"
"228,36722,16,40,45,59,43,13"
"227,36715,37,26,27,42,11,48"
"226,36708,2,50,59,38,49,1"
"225,36701,21,16,4,37,2,58"
"224,36694,20,16,18,7,44,21"
"223,36687,28,24,22,2,58,6"
"222,36680,5,48,30,55,52,19"
"221,36673,54,13,58,43,50,27"
"220,36666,36,53,55,13,60,14"
"219,36659,26,23,49,28,42,36"
"218,36652,54,40,42,17,47,12"
"217,36645,27,32,3,51,49,45"
"216,36638,35,42,59,18,30,14"
"215,36631,7,58,28,53,37,46"
"214,36624,30,12,6,50,35,31"
"213,36617,3,30,9,35,23,32"
"212,36610,29,57,15,45,59,6"
"211,36603,10,20,40,45,50,33"
"210,36596,37,58,20,38,48,32"
"209,36589,13,52,32,41,21,26"
"208,36582,23,15,57,24,47,25"
"207,36575,19,7,3,55,24,53"
"206,36568,20,26,56,18,34,51"
"205,36561,26,32,54,43,46,40"
"204,36554,31,41,51,39,58,29"
"203,36547,11,55,44,19,29,47"
"202,36540,49,53,44,12,24,45"
"201,36533,55,22,5,30,35,20"
"200,36525,12,15,44,34,51,19"
"199,36518,52,37,57,16,10,50"
"198,36512,40,23,1,18,35,8"
"197,36505,19,52,29,15,12,5"
"196,36498,32,17,9,14,24,7"
"195,36491,17,3,44,37,9,32"
"194,36484,32,42,43,25,28,33"
"193,36477,12,4,11,49,43,19"
"192,36470,1,60,26,41,28,54"
"191,36464,58,5,41,3,1,23"
"190,36457,32,40,42,21,10,5"
"189,36449,41,53,38,4,31,15"
"188,36443,34,42,43,46,27,17"
"187,36435,6,44,58,41,36,48"
"186,36428,24,26,51,25,14,23"
"185,36421,59,17,22,46,43,55"
"184,36414,9,60,21,16,41,34"
"183,36407,16,11,7,40,44,2"
"182,36400,46,60,5,10,28,3"
"181,36393,33,1,55,35,51,27"
"180,36386,39,6,29,60,51,23"
"179,36379,6,53,5,26,27,23"
"178,36372,5,27,19,26,15,33"
"177,36365,35,22,39,41,59,38"
"176,36358,28,4,1,45,53,3"
"175,36351,10,20,13,1,42,50"
"174,36344,11,52,22,23,36,59"
"173,36337,29,28,49,17,42,50"
"172,36330,49,36,14,26,35,10"
"171,36323,54,27,4,43,40,46"
"170,36316,7,51,55,41,58,46"
"169,36309,52,51,37,13,21,1"
"168,36302,45,2,35,9,50,31"
"167,36295,1,38,48,28,11,33"
"166,36288,60,57,59,13,12,22"
"165,36281,39,56,19,23,10,35"
"164,36274,4,19,14,10,44,28"
"163,36267,41,56,27,36,53,8"
"162,36260,23,33,51,38,48,21"
"161,36253,25,37,30,39,6,41"
"160,36246,13,42,52,58,2,54"
"159,36239,16,9,50,58,11,35"
"158,36232,58,43,51,14,17,4"
"157,36225,17,13,4,44,41,21"
"156,36218,52,23,42,17,55,49"
"155,36211,12,32,44,43,35,30"
"154,36204,8,10,24,33,45,48"
"153,36197,47,2,31,42,45,30"
"152,36190,12,5,15,51,58,29"
"151,36183,3,43,16,56,52,20"
"150,36176,50,44,12,55,52,54"
"149,36169,11,45,48,7,28,20"
"148,36160,32,55,59,41,58,35"
"147,36153,24,6,38,23,28,16"
"146,36148,51,34,25,60,42,32"
"145,36141,43,15,41,51,16,31"
"144,36134,8,32,44,36,45,55"
"143,36127,40,18,6,20,50,53"
"142,36120,20,59,19,54,15,8"
"141,36113,10,22,42,13,41,58"
"140,36106,55,31,46,44,41,7"
"139,36099,26,27,13,42,41,3"
"138,36092,41,14,37,5,40,27"
"137,36085,26,15,16,22,19,49"
"136,36078,17,25,45,38,1,59"
"135,36071,35,40,21,59,53,22"
"134,36064,60,32,25,36,52,4"
"133,36057,19,57,6,39,34,5"
"132,36050,44,35,50,41,9,7"
"131,36043,30,9,17,27,4,44"
"130,36036,13,42,38,49,53,29"
"129,36029,46,54,10,9,1,32"
"128,36022,23,43,3,21,9,18"
"127,36015,59,21,51,54,29,50"
"126,36008,32,28,6,10,11,40"
"125,36001,56,47,25,59,53,41"
"124,35994,52,5,34,57,15,41"
"123,35987,13,42,16,32,14,26"
"122,35980,20,43,39,11,53,17"
"121,35973,53,41,44,2,29,55"
"120,35966,46,45,16,40,27,3"
"119,35959,47,21,1,50,36,38"
"118,35952,22,57,37,9,25,56"
"117,35945,53,42,27,20,33,25"
"116,35938,36,42,32,5,13,51"
"115,35931,6,14,24,20,4,38"
"114,35924,47,54,18,6,12,37"
"113,35917,34,54,26,28,55,7"
"112,35910,37,43,34,20,12,42"
"111,35903,52,32,4,33,25,22"
"110,35896,57,58,18,31,43,52"
"109,35889,54,13,44,49,48,1"
"108,35883,60,29,34,24,21,59"
"107,35876,2,24,52,4,16,51"
"106,35869,24,16,38,5,39,35"
"105,35862,3,13,31,43,46,49"
"104,35855,13,1,38,21,52,4"
"103,35848,9,1,57,7,54,49"
"102,35841,44,42,37,56,19,20"
"101,35834,39,1,37,31,29,18"
"100,35827,46,48,30,14,29,51"
"99,35820,30,33,24,11,46,60"
"98,35813,43,33,14,31,35,13"
"97,35806,56,53,11,14,5,35"
"96,35799,4,42,58,26,7,40"
"95,35792,46,60,6,40,50,45"
"94,35785,28,51,55,18,52,8"
"93,35778,22,53,31,28,2,36"
"92,35771,5,23,51,3,1,24"
"91,35764,60,4,10,35,39,2"
"90,35757,21,26,40,54,9,52"
"89,35750,59,42,34,13,44,55"
"88,35743,45,37,29,4,43,18"
"87,35736,40,4,28,32,11,5"
"86,35729,54,21,6,34,36,22"
"85,35722,47,15,30,37,45,6"
"84,35715,10,34,4,6,25,40"
"83,35708,24,16,4,42,57,15"
"82,35701,51,36,53,29,18,15"
"81,35694,47,41,10,60,54,23"
"80,35687,51,40,37,23,48,28"
"79,35680,43,25,2,13,31,17"
"78,35673,22,32,46,12,25,31"
"77,35666,29,54,40,57,49,21"
"76,35659,33,18,23,8,17,53"
"75,35652,36,49,37,35,24,21"
"74,35645,2,24,34,50,38,37"
"73,35638,57,25,45,28,51,26"
"72,35631,19,48,43,1,34,44"
"71,35624,53,16,45,43,33,27"
"70,35617,40,17,23,43,27,58"
"69,35610,56,58,34,53,25,45"
"68,35603,53,13,3,1,12,59"
"67,35596,47,14,27,52,17,12"
"66,35589,15,26,12,33,48,13"
"65,35582,20,1,5,32,25,34"
"64,35575,8,54,50,60,23,12"
"63,35568,26,9,41,49,25,40"
"62,35561,52,13,6,24,8,31"
"61,35554,59,8,18,29,42,44"
"60,35547,38,14,21,15,3,20"
"59,35540,28,13,34,2,8,54"
"58,35533,30,49,27,37,12,44"
"57,35526,27,17,16,34,7,59"
"56,35519,51,35,59,7,20,2"
"55,35512,29,2,14,38,23,52"
"54,35505,5,21,9,56,18,36"
"53,35498,42,13,3,46,38,16"
"52,35491,58,15,59,30,38,46"
"51,35484,23,24,42,25,17,47"
"50,35477,57,44,21,16,58,6"
"49,35470,33,7,43,35,13,55"
"48,35463,47,5,34,28,2,50"
"47,35456,35,17,3,48,25,56"
"46,35449,32,46,1,60,24,23"
"45,35442,30,7,37,55,44,53"
"44,35435,47,38,18,14,29,44"
"43,35428,2,58,25,6,26,17"
"42,35421,24,36,19,33,7,11"
"41,35414,38,26,35,39,12,47"
"40,35407,3,12,46,5,47,8"
"39,35400,16,37,45,52,56,12"
"38,35393,55,42,10,43,45,54"
"37,35386,22,6,7,52,38,60"
"36,35379,13,3,51,17,29,25"
"35,35372,21,57,16,23,54,4"
"34,35365,15,13,57,53,40,17"
"33,35358,5,33,49,17,42,39"
"32,35351,43,33,14,36,5,44"
"31,35344,56,19,28,48,17,45"
"30,35337,38,50,7,29,15,14"
"29,35330,14,56,58,8,43,3"
"28,35323,60,6,22,3,24,54"
"27,35316,44,33,13,51,17,20"
"26,35309,50,53,57,10,58,22"
"25,35302,56,50,55,54,24,43"
"24,35296,1,8,14,28,33,43"
"23,35289,17,52,51,59,39,37"
"22,35282,9,38,56,1,31,46"
"21,35275,49,46,6,53,33,36"
"20,35268,25,28,30,33,51,11"
"19,35261,5,25,12,10,60,24"
"18,35254,37,36,56,27,42,23"
"17,35247,10,20,6,19,51,13"
"16,35240,60,58,49,32,20,34"
"15,35233,60,12,33,52,35,51"
"14,35226,16,2,27,47,23,53"
"13,35219,47,32,50,54,18,56"
"12,35212,20,27,43,16,19,4"
"11,35205,25,15,58,37,59,38"
"10,35198,25,4,18,57,21,38"
"9,35191,55,43,56,54,8,60"
"8,35184,53,17,38,4,47,37"
"7,35177,56,38,21,20,3,5"
"6,35170,19,40,7,13,22,47"
"5,35163,1,19,46,6,16,2"
"4,35156,6,59,42,27,1,5"
"3,35149,36,30,10,11,29,47"
"2,35142,9,39,37,49,43,41"
"1,35135,41,5,4,52,30,33"